Name,Type,Publisher,Year,Issue,Page,Author,Region,ID,Correction
Isolation,(typein),"Adelaide Sega User's Club",1984,"Sega Programs Book",7,G.Brewin,AUS,isolation,
"Word Processor",(typein),"Adelaide Sega User's Club",1984,"Sega Programs Book",11,"Andonis 'Tony' Symeonidis",AUS,word_processor_adelaide,
Chess,(typein),"Adelaide Sega User's Club",1985,"Sega Programs Book",4,"Neil Kube",AUS,chess,
Eggbert,(typein),"Adelaide Sega User's Club",1985,"Sega Programs Book",8,"Mark Fisher",AUS,eggbert_segaprogramsbook,
"Pick A Word",game(typein),"Adelaide Sega User's Club",1985,"Sega Programs Book",9,"Jan Jacobsen",AUS,pick_a_word,
"Sega Code Breaker",game(typein),"Adelaide Sega User's Club",1985,"Sega Programs Book",5,"Mike Morris",AUS,sega_code_breaker,
Slider,game(typein),"Adelaide Sega User's Club",1985,"Sega Programs Book",7,"Neil Kube",AUS,slider,
Slider,game,"Adelaide Sega User's Club",,"Sega Programs Book",,,AUS,slider_letters,
"Star War",(typein),"Adelaide Sega User's Club",1985,"Sega Programs Book",3,"Jan Jacobsen",AUS,star_war,
Aeroplane,demo(typein),"Bits n Bytes",1984,"Dec ",,,NZ,aeroplane,
"Spirograph Pattern",demo(typein),"Bits n Bytes",1984,"Dec ",55,,NZ,spirograph_pattern,
"Video Graffiti",(typein),"Bits n Bytes",1984,"Dec ",56,,NZ,video_graffiti,
"Input Data Program",(typein),"Bits n Bytes",1985,"Apr ",66,"Dick Williams",NZ,input_data_program,
"A Plane",demo(typein),"Bits n Bytes",1985,"Dec ",58,"Dick Williams",NZ,a_plane,
"Pattern Editor",(typein),"Bits n Bytes",1985,"Dec ",73,"Dick Williams",NZ,pattern_editor_bits,
"Sprite Demo 10",(typein),"Bits n Bytes",1985,"Dec ",73,"Dick Williams",NZ,sprite_demo_10,
"Sprite Demo 7",demo(typein),"Bits n Bytes",1985,"Dec ",73,"Dick Williams",NZ,sprite_demo_7,
"Sprite Demo 8",demo(typein),"Bits n Bytes",1985,"Dec ",73,"Dick Williams",NZ,sprite_demo_8,
"Sprite Demo 8",demo(typein),"Bits n Bytes",1985,"Dec ",73,"Dick Williams",NZ,sprite_demo_8_moving,
"Sprite Demo 9",(typein),"Bits n Bytes",1985,"Dec ",73,"Dick Williams",NZ,sprite_demo_9,
"Cassette Liners",(typein),"Bits n Bytes",1985,"Mar ",,"Bryn Holland",NZ,cassette_liners,
"File Program 2 (Filing Systems)",(typein),"Bits n Bytes",1985,"Mar ",,"Dick Williams",NZ,file_program_2_filing_systems,
"Name Sorter",(typein),"Bits n Bytes",1985,"May ",,"Dick Williams",NZ,name_sorter,
"Sprite Demo 1",(typein),"Bits n Bytes",1985,"Nov ",,"Dick Williams",NZ,sprite_demo_1,
"Sprite Demo 2",(typein),"Bits n Bytes",1985,"Nov ",,"Dick Williams",NZ,sprite_demo_2,
"Sprite Demo 3",(typein),"Bits n Bytes",1985,"Nov ",,"Dick Williams",NZ,sprite_demo_3,
"Sprite Demo 4",(typein),"Bits n Bytes",1985,"Nov ",,"Dick Williams",NZ,sprite_demo_4,
"Sprite Demo 5",(typein),"Bits n Bytes",1985,"Nov ",,"Dick Williams",NZ,sprite_demo_5,
"Sprite Demo 6",(typein),"Bits n Bytes",1985,"Nov ",,"Dick Williams",NZ,sprite_demo_6,
"Beginners Program 4",(typein),"Bits n Bytes",1985,Nov,,"Dick Williams",NZ,beginners_program_4,
"Beginners Program 5",(typein),"Bits n Bytes",1985,Nov,,"Dick Williams",NZ,beginners_program_5,
"Beginners Program 6",(typein),"Bits n Bytes",1985,Nov,,"Dick Williams",NZ,beginners_program_6,
"Beginners Program 1",(typein),"Bits n Bytes",1985,"Oct ",,"Dick Williams",NZ,beginners_program_1,
"Beginners Program 2",(typein),"Bits n Bytes",1985,"Oct ",,"Dick Williams",NZ,beginners_program_2,
"Beginners Program 3",(typein),"Bits n Bytes",1985,"Oct ",,"Dick Williams",NZ,beginners_program_3,
"Graph 1 - Experiments with Graphs",(typein),"Bits n Bytes",1986,"Apr ",,"Dick Williams",NZ,graph_1__experiments_with_graphs,
"Strings 19",(typein),"Bits n Bytes",1986,"Apr ",,"Dick Williams",NZ,strings_19,
"Strings 20",(typein),"Bits n Bytes",1986,"Apr ",,"Dick Williams",NZ,strings_20,
"Strings 22",(typein),"Bits n Bytes",1986,"Apr ",,"Dick Williams",NZ,strings_22,
"Strings 26",(typein),"Bits n Bytes",1986,"Apr ",,"Dick Williams",NZ,strings_26,
"Strings 1",(typein),"Bits n Bytes",1986,"Jan-Feb ",,"Dick Williams",NZ,strings_1,
"Strings 10",(typein),"Bits n Bytes",1986,"Jan-Feb ",,"Dick Williams",NZ,strings_10,
"Strings 2",(typein),"Bits n Bytes",1986,"Jan-Feb ",,"Dick Williams",NZ,strings_2,
"Strings 3",(typein),"Bits n Bytes",1986,"Jan-Feb ",,"Dick Williams",NZ,strings_3,
"Strings 4",(typein),"Bits n Bytes",1986,"Jan-Feb ",,"Dick Williams",NZ,strings_4,
"Strings 5",(typein),"Bits n Bytes",1986,"Jan-Feb ",,"Dick Williams",NZ,strings_5,
"Strings 6",(typein),"Bits n Bytes",1986,"Jan-Feb ",,"Dick Williams",NZ,strings_6,
"Strings 7",(typein),"Bits n Bytes",1986,"Jan-Feb ",,"Dick Williams",NZ,strings_7,
"Strings 8",(typein),"Bits n Bytes",1986,"Jan-Feb ",,"Dick Williams",NZ,strings_8,
"Strings 9",(typein),"Bits n Bytes",1986,"Jan-Feb ",,"Dick Williams",NZ,strings_9,
"Strings 11",(typein),"Bits n Bytes",1986,"Mar ",,"Dick Williams",NZ,strings_11,
"Strings 12",(typein),"Bits n Bytes",1986,"Mar ",,"Dick Williams",NZ,strings_12,
"Strings 13",(typein),"Bits n Bytes",1986,"Mar ",,"Dick Williams",NZ,strings_13,
"Strings 14",(typein),"Bits n Bytes",1986,"Mar ",,"Dick Williams",NZ,strings_14,
"Strings 15",(typein),"Bits n Bytes",1986,"Mar ",,"Dick Williams",NZ,strings_15,
"Disk Utility (Sector Viewer?)",(typein),"Bits n Bytes",1986,"Sep ",,"Dick Williams",NZ,disk_utility_sector_viewer,
Bcircle,demo(typein),"Computer Input",1983,"Dec ",32,,NZ,bcircle,
"Checkered Paint",(typein),"Computer Input",1983,"Dec ",32,,NZ,checkered_paint,
Paint,demo(typein),"Computer Input",1983,"Dec ",32,,NZ,paint,
"Sprite Sample Program",(typein),"Computer Input",1983,"Dec ",32,,NZ,sprite_sample_program,
Line,demo(typein),"Computer Input",1983,"Dec ",32,,NZ,line,
LineBF,demo(typein),"Computer Input",1983,"Dec ",32,,NZ,linebf,
"Explosion Sample",demo(typein),"Computer Input",1984,"Apr ",15,,NZ,explosion_sample,
"Missile Sample",demo(typein),"Computer Input",1984,"Apr ",15,,NZ,missile_sample,
"Fighter Pilot",game(typein),"Computer Input",1984,"Aug ",25,H.G.Liese,NZ,fighter_pilot,
"Quack attack",game(typein),"Computer Input",1984,"Aug ",33,,NZ,quack_attack,
"3D House",demo(typein),"Computer Input",1984,"Feb ",36,Grandstand,NZ,3d_house,
Artist,util(typein),"Computer Input",1984,"Feb ",40,"Michael Feck",NZ,artist_drawing,
"Graphics Demo Program",demo(typein),"Computer Input",1984,"Feb ",39,"Brian Brown",NZ,graphics_demo_program,
"Graphics Demo No.1",(typein),"Computer Input",1984,"Jul ",37,"Terry Johnson",NZ,graphics_demo_no1,
"Graphics Demo No.2",(typein),"Computer Input",1984,"Jul ",38,"Terry Johnson",NZ,graphics_demo_no2,
Harbour,game(typein),"Computer Input",1984,"Jul ",21,"John Perry",NZ,harbour,
Jackpot,game(typein),"Computer Input",1984,"Jul ",33,G.Clapham,NZ,jackpot,
"Russian Roulette",(typein),"Computer Input",1984,"Jul ",35,"Allan Moore",NZ,russian_roulette_computer,
Tank,(typein),"Computer Input",1984,"Jul ",40,K.Dwen,NZ,tank,
"Draw (1/2k)",(typein),"Computer Input",1984,"Mar ",34,"Mark Dunick",NZ,draw_12k,
Parachute,game(typein),"Computer Input",1984,"Mar ",42,"Brian Brown",NZ,parachute,May-84
"Yellow Bird (1/2k)",demo(typein),"Computer Input",1984,"Mar ",34,"William Lau",NZ,yellow_bird,
"Astro Laser",game(typein),"Computer Input",1984,"May ",31,"David Palmer",NZ,astro_laser,
"Sprite Pattern Generator",util(typein),"Computer Input",1984,"May ",38,"Stuart McLachlan",NZ,sprite_pattern_generator,
"Horse Race",game(typein),"Computer Input",1984,"Nov ",39,"William Lau",NZ,horse_race_computer_input,
Lunar,game(typein),"Computer Input",1984,"Oct ",26,"William Lau",NZ,lunar,
"Space Maths",edu(typein),"Computer Input",1984,"Oct ",38,B.Gay,NZ,space_maths,
Duckshoot,game(typein),"Computer Input",1984,"Sep ",38,"Terry Johnson",NZ,duckshoot,
Grub,game(typein),"Computer Input",1985,"Feb ",24,A.Lins,NZ,grub,
"Text Screen Swapper (BASIC)",(typein),"Computer Input",1985,"Feb ",13,"Brian Brown",NZ,text_screen_swapper_basic,
"Text Screen Swapper (MC)",(typein),"Computer Input",1985,"Feb ",13,"Brian Brown",NZ,text_screen_swapper_mc,
Typewriter,(typein),"Computer Input",1985,"Feb ",29,R.G.Bain,NZ,typewriter,
"Cassette Insert",(typein),"Computer Input",1985,"Mar ",25,"Bryn Holland",NZ,cassette_insert,
"Graphics Mode 1 Demo",(typein),"Computer Input",1985,"Mar ",16,"Brian Brown",NZ,graphics_mode_1_demo,
"Multicolour Mode Demo",demo(typein),"Computer Input",1985,"Mar ",16,"Brian Brown",NZ,multicolour_mode_demo,
"3D Plot",(typein),"Creative Computing",,,,,US,3d_plot,
"Amazing Program",(typein),"Creative Computing",,,,,US,amazing_program,
Bunny,"Type in","Creative Computing",,,,,US,bunny,
"Computer Love",(typein),"Creative Computing",,,,,US,computer_love,
"16 x 16 Sprite Generator (Spr Gen)",util(typein),Grandstand,1985,"More than 50 Programs for the Sega SC3000",26,"Michael Howard",NZ,sprite_generator_16,
"3D Graphics 1",demo(typein),Grandstand,1985,"More than 50 Programs for the Sega SC3000",6,"Michael Howard",NZ,3d_graphics_1,
"3D Graphics 2",demo(typein),Grandstand,1985,"More than 50 Programs for the Sega SC3000",6,"Michael Howard",NZ,3d_graphics_2,
Amazing,(typein),Grandstand,1985,"More than 50 Programs for the Sega SC3000",2,"Michael Howard",NZ,amazing,
"Base 10 to any base",edu(typein),Grandstand,1985,"More than 50 Programs for the Sega SC3000",49,"Michael Howard",NZ,base_10_to_any_base,
Bingo,game(typein),Grandstand,1985,"More than 50 Programs for the Sega SC3000",34,"Michael Howard",NZ,bingo,
"Boxes & Cubes",demo(typein),Grandstand,1985,"More than 50 Programs for the Sega SC3000",8,"Michael Howard",NZ,boxes_cubes,
"Bubble Sort",demo(typein),Grandstand,1985,"More than 50 Programs for the Sega SC3000",51,"Michael Howard",NZ,bubble_sort,
Calendar,(typein),Grandstand,1985,"More than 50 Programs for the Sega SC3000",36,"Michael Howard",NZ,calendar,
"Chords & Music",demo(typein),Grandstand,1985,"More than 50 Programs for the Sega SC3000",24,"Michael Howard",NZ,chords_music,
"Compound Interest",util(typein),Grandstand,1985,"More than 50 Programs for the Sega SC3000",12,"Michael Howard",NZ,compound_interest,
"Computer Chit Chat",demo(typein),Grandstand,1985,"More than 50 Programs for the Sega SC3000",23,"Michael Howard",NZ,computer_chit_chat,
Edumaths,edu(typein),Grandstand,1985,"More than 50 Programs for the Sega SC3000",46,"Michael Howard",NZ,edumaths,
Experiment,(typein),Grandstand,1985,"More than 50 Programs for the Sega SC3000",69,"Michael Howard",NZ,experiment,
"Forth/RPN Emulator",util(typein),Grandstand,1985,"More than 50 Programs for the Sega SC3000",15,"Michael Howard",NZ,forthrpn_emulator,
Gateway,(typein),Grandstand,1985,"More than 50 Programs for the Sega SC3000",9,"Michael Howard",NZ,gateway,
"Horror Music",(typein),Grandstand,1985,"More than 50 Programs for the Sega SC3000",48,"Michael Howard",NZ,horror_music,
"Ice Cream",game(typein),Grandstand,1985,"More than 50 Programs for the Sega SC3000",40,"Michael Howard",NZ,ice_cream,
Kaleidoscope,demo(typein),Grandstand,1985,"More than 50 Programs for the Sega SC3000",5,"Michael Howard",NZ,kaleidoscope,
"Line Kaleidoscope",demo(typein),Grandstand,1985,"More than 50 Programs for the Sega SC3000",5,"Michael Howard",NZ,line_kaleidoscope,
"Lunar Lander",game(typein),Grandstand,1985,"More than 50 Programs for the Sega SC3000",20,"Michael Howard",NZ,lunar_lander,
"Machine Code Programs",(typein),Grandstand,1985,"More than 50 Programs for the Sega SC3000",65,"Michael Howard",NZ,machine_code_programs,
Mastermind,(typein),Grandstand,1985,"More than 50 Programs for the Sega SC3000",67,"Michael Howard",NZ,mastermind_grandstand,
"Mind's Eye",demo(typein),Grandstand,1985,"More than 50 Programs for the Sega SC3000",9,"Michael Howard",NZ,minds_eye,
Minefield,game(typein),Grandstand,1985,"More than 50 Programs for the Sega SC3000",32,"Michael Howard",NZ,minefield,
"More Graphics",(typein),Grandstand,1985,"More than 50 Programs for the Sega SC3000",7,"Michael Howard",NZ,more_graphics,
"Morse Code Trainer",util(typein),Grandstand,1985,"More than 50 Programs for the Sega SC3000",64,"Michael Howard",NZ,morse_code_trainer,
"Noughts & Crosses",game(typein),Grandstand,1985,"More than 50 Programs for the Sega SC3000",52,"Michael Howard",NZ,noughts_crosses,
"Phase Change",util(typein),Grandstand,1985,"More than 50 Programs for the Sega SC3000",62,"Michael Howard",NZ,phase_change,
"Prime Number Tester",edu(typein),Grandstand,1985,"More than 50 Programs for the Sega SC3000",50,"Michael Howard",NZ,prime_number_tester,
"Quadratic Regression",util(typein),Grandstand,1985,"More than 50 Programs for the Sega SC3000",33,"Michael Howard",NZ,quadratic_regression,
"Revenge of the Mutant Apples!",game(typein),Grandstand,1985,"More than 50 Programs for the Sega SC3000",39,"Michael Howard",NZ,revenge_of_the_mutant_apples,
Reverse,demo(typein),Grandstand,1985,"More than 50 Programs for the Sega SC3000",70,"Michael Howard",NZ,reverse,
"Rock, Scissors, Tissue",game(typein),Grandstand,1985,"More than 50 Programs for the Sega SC3000",19,"Michael Howard",NZ,rock_scissors_tissue,
"Slide Puzzle",game(typein),Grandstand,1985,"More than 50 Programs for the Sega SC3000",44,"Michael Howard",NZ,slide_puzzle,
Spacies,game(typein),Grandstand,1985,"More than 50 Programs for the Sega SC3000",21,"Michael Howard",NZ,spacies,
Spacies,game(typein),Grandstand,1985,"More than 50 Programs for the Sega SC3000",21,"Michael Howard",NZ,spacies_grandstand,
Sprites,demo(typein),Grandstand,1985,"More than 50 Programs for the Sega SC3000",70,"Michael Howard",NZ,sprites,
SSSnake,game(typein),Grandstand,1985,"More than 50 Programs for the Sega SC3000",30,"Michael Howard",NZ,sssnake,
"Star of Ralthuz",demo(typein),Grandstand,1985,"More than 50 Programs for the Sega SC3000",10,"Michael Howard",NZ,star_of_ralthuz,
"Star Trek The Authors View",game(typein),Grandstand,1985,"More than 50 Programs for the Sega SC3000",28,"Michael Howard",NZ,star_trek_the_authors_view,
Starburst,demo(typein),Grandstand,1985,"More than 50 Programs for the Sega SC3000",3,"Michael Howard",NZ,starburst,
"Statistics Package",util(typein),Grandstand,1985,"More than 50 Programs for the Sega SC3000",61,"Michael Howard",NZ,statistics_package,
"The Cat's Eye",demo(typein),Grandstand,1985,"More than 50 Programs for the Sega SC3000",2,"Michael Howard",NZ,the_cats_eye,
"The Code Machine",util(typein),Grandstand,1985,"More than 50 Programs for the Sega SC3000",37,"Michael Howard",NZ,the_code_machine,
"The Dictator",game(typein),Grandstand,1985,"More than 50 Programs for the Sega SC3000",54,"Michael Howard",NZ,the_dictator,
"The Land of Sorcery",(typein),Grandstand,1985,"More than 50 Programs for the Sega SC3000",58,"Michael Howard",NZ,the_land_of_sorcery,
"Wally - Simon's Brother in Law",game(typein),Grandstand,1985,"More than 50 Programs for the Sega SC3000",17,"Michael Howard",NZ,wally__simons_brother_in_law,
Waves,demo(typein),Grandstand,1985,"More than 50 Programs for the Sega SC3000",8,"Michael Howard",NZ,waves,
"Program 1A - Miles to Km",(typein),Grandstand,1985,"Sega Beginners Guide",,"Phil Kenyon",NZ,program_1a__miles_to_km,
"Program 1B - Pulse Rate",(typein),Grandstand,1985,"Sega Beginners Guide",,"Phil Kenyon",NZ,program_1b__pulse_rate,
"Program 1C - Raffle Ticket",(typein),Grandstand,1985,"Sega Beginners Guide",,"Phil Kenyon",NZ,program_1c__raffle_ticket,
"Program 1D - Days between dates",(typein),Grandstand,1985,"Sega Beginners Guide",,"Phil Kenyon",NZ,program_1d__days_between_dates,
"Maze Chase",Program,Grandstand,1985,"Teach yourself BASIC games programming",,"Michael Howard",NZ,maze_chase,
"Program 1.1 - to power of",(typein),Grandstand,1985,"Teach yourself BASIC games programming",,"Michael Howard",NZ,program_11__to_power_of,
"Program 1.2 - Binary to decimal",(typein),Grandstand,1985,"Teach yourself BASIC games programming",,"Michael Howard",NZ,program_12__binary_to_decimal,
"Program 1.3 - decimal to binary",(typein),Grandstand,1985,"Teach yourself BASIC games programming",,"Michael Howard",NZ,program_13__decimal_to_binary,
"Program 1.4 - hex, decimal, binary converter",(typein),Grandstand,1985,"Teach yourself BASIC games programming",,"Michael Howard",NZ,program_14__hex_decimal_binary_converter,
"Program 1.6 - move sprite",(typein),Grandstand,1985,"Teach yourself BASIC games programming",,"Michael Howard",NZ,program_16__move_sprite,
"Program 1.7 - sprite priority",(typein),Grandstand,1985,"Teach yourself BASIC games programming",,"Michael Howard",NZ,program_17__sprite_priority,
"Program 1.8 - sprite magnification",(typein),Grandstand,1985,"Teach yourself BASIC games programming",,"Michael Howard",NZ,program_18__sprite_magnification,
"Program 1.9 - 4 sprites into one",(typein),Grandstand,1985,"Teach yourself BASIC games programming",,"Michael Howard",NZ,program_19__4_sprites_into_one,
"Program 1.A - Redefining characters",(typein),Grandstand,1985,"Teach yourself BASIC games programming",,"Michael Howard",NZ,program_1a__redefining_characters,
"Program 1.B - Large Characters",(typein),Grandstand,1985,"Teach yourself BASIC games programming",,"Michael Howard",NZ,program_1b__large_characters,
"Program 1.C - Colour example",(typein),Grandstand,1985,"Teach yourself BASIC games programming",,"Michael Howard",NZ,program_1c__colour_example,
"Program 2.1 - death march",(typein),Grandstand,1985,"Teach yourself BASIC games programming",,"Michael Howard",NZ,program_21__death_march,
"Program 2.2 - little ditty",(typein),Grandstand,1985,"Teach yourself BASIC games programming",,"Michael Howard",NZ,program_22__little_ditty,
"Program 2.3 - Random Tunes",(typein),Grandstand,1985,"Teach yourself BASIC games programming",,"Michael Howard",NZ,program_23__random_tunes,
"Program 2.3 - Random Tunes",(typein),Grandstand,1985,"Teach yourself BASIC games programming",,"Michael Howard",NZ,program_23__random_tunes_grandstand,
"Program 2.4 - dukes of hazzard",demo(typein),Grandstand,1985,"Teach yourself BASIC games programming",,"Michael Howard",NZ,dukes_of_hazzard,
"Program 2.5 - pet kangaroo",demo(typein),Grandstand,1985,"Teach yourself BASIC games programming",,"Michael Howard",NZ,pet_kangaroo,
"Program 2.6 - aussie blood",(typein),Grandstand,1985,"Teach yourself BASIC games programming",,"Michael Howard",NZ,aussie_blood,
"Program 3.1 - keyboard example",(typein),Grandstand,1985,"Teach yourself BASIC games programming",,"Michael Howard",NZ,keyboard_example,
"Program 3.2 - cursor",(typein),Grandstand,1985,"Teach yourself BASIC games programming",,"Michael Howard",NZ,program_32__cursor,
"Program 3.3 - A$ ",(typein),Grandstand,1985,"Teach yourself BASIC games programming",,"Michael Howard",NZ,program_33__a_,
"Program 3.4 - boolean",(typein),Grandstand,1985,"Teach yourself BASIC games programming",,"Michael Howard",NZ,program_34__boolean,
"Program 3.5 - joystick",(typein),Grandstand,1985,"Teach yourself BASIC games programming",,"Michael Howard",NZ,program_35__joystick,
"Program 3.6 - joystick trigger",(typein),Grandstand,1985,"Teach yourself BASIC games programming",,"Michael Howard",NZ,program_36__joystick_trigger,
"Program 3.7 - joystick draw",(typein),Grandstand,1985,"Teach yourself BASIC games programming",,"Michael Howard",NZ,program_37__joystick_draw,
"Program 3.8 - joystick sound",(typein),Grandstand,1985,"Teach yourself BASIC games programming",,"Michael Howard",NZ,program_38__joystick_sound,
"Sub ",(typein),"Home Computer",1984,,53,"Tristano Aj",ITA,sub_,
"Guerra Navale",(typein),"Home Computer",1984,,60,"Roberto Giusto",ITA,guerra_navale,
"Programma Grafico Di D.Bra",(typein),"Home Computer",1984,,74,"Diego Braganti",ITA,programma_grafico_di_dbra,
Hangman,game(typein),"John Sands",1984,"Great Programs for your John Sands Sega PC 1.1",32,"John Sands Electronics",AUS,hangman_greatprograms,
"Hokey Pokey",game(typein),"John Sands",1984,"Great Programs for your John Sands Sega PC 1.1",29,"John Sands Electronics",AUS,hokey_pokey,
Horserace,game(typein),"John Sands",1984,"Great Programs for your John Sands Sega PC 1.1",19,"John Sands Electronics",AUS,horse_race_greatprograms,
"Magazine File",(typein),"John Sands",1984,"Great Programs for your John Sands Sega PC 1.1",23,"John Sands Electronics",AUS,magazine_file,
"Motor Rally",game(typein),"John Sands",1984,"Great Programs for your John Sands Sega PC 1.1",24,"John Sands Electronics",AUS,motor_rally,
"Music Master",(typein),"John Sands",1984,"Great Programs for your John Sands Sega PC 1.1",9,"John Sands Electronics",AUS,music_master,
"Noughts & Crosses",(typein),"John Sands",1984,"Great Programs for your John Sands Sega PC 1.1",14,"John Sands Electronics",AUS,noughts__crosses_john,
"Perpetual Calculator",util(typein),"John Sands",1984,"Great Programs for your John Sands Sega PC 1.1",6,"John Sands Electronics",AUS,perpetual_calculator,
Ralph,(typein),"John Sands",1984,"Great Programs for your John Sands Sega PC 1.1",18,"John Sands Electronics",AUS,ralph,
"Sega Alarm",(typein),"John Sands",1984,"Great Programs for your John Sands Sega PC 1.1",14,"John Sands Electronics",AUS,sega_alarm,
"Sega Banner",(typein),"John Sands",1984,"Great Programs for your John Sands Sega PC 1.1",22,"John Sands Electronics",AUS,sega_banner,
"Sega Clock",demo(typein),"John Sands",1984,"Great Programs for your John Sands Sega PC 1.1",30,"John Sands Electronics",AUS,sega_clock,
"Sega Code",(typein),"John Sands",1984,"Great Programs for your John Sands Sega PC 1.1",31,"John Sands Electronics",AUS,sega_code,
"Sega Dice",demo(typein),"John Sands",1984,"Great Programs for your John Sands Sega PC 1.1",5,"John Sands Electronics",AUS,sega_dice,
Segaanimals,(typein),"John Sands",1984,"Great Programs for your John Sands Sega PC 1.1",7,"John Sands Electronics",AUS,segaanimals,
Segabirds,(typein),"John Sands",1984,"Great Programs for your John Sands Sega PC 1.1",17,"John Sands Electronics",AUS,segabirds,
Segamind,game(typein),"John Sands",1984,"Great Programs for your John Sands Sega PC 1.1",39,"John Sands Electronics",AUS,sega_mind,
Segapawn,game(typein),"John Sands",1984,"Great Programs for your John Sands Sega PC 1.1",34,"John Sands Electronics",AUS,sega_pawn,
Segasort,(typein),"John Sands",1984,"Great Programs for your John Sands Sega PC 1.1",17,"John Sands Electronics",AUS,segasort,
Simon,game(typein),"John Sands",1984,"Great Programs for your John Sands Sega PC 1.1",21,"John Sands Electronics",AUS,simon,
"Sound Effects",(typein),"John Sands",1984,"Great Programs for your John Sands Sega PC 1.1",42,"John Sands Electronics",AUS,sound_effects,
"World Conquest",game(typein),"John Sands",1984,"Great Programs for your John Sands Sega PC 1.1",26,"John Sands Electronics",AUS,world_conquest,
Wumpus,game(typein),"John Sands",1984,"Great Programs for your John Sands Sega PC 1.1",10,"John Sands Electronics",AUS,wumpus,
Rectangles,(typein),"John Sands",1984,"Sega Institute Course Notes (JS)",,"MGA Educational Computer Consultants",AUS,rectangles,
"Simple Tune",(typein),"John Sands",1984,"Sega Institute Course Notes (JS)",,"MGA Educational Computer Consultants",AUS,simple_tune,
"Alien Attack",game(typein),Nomac,1984,"Sega Programmers Manual",72,"Brian Brown",NZ,alien_attack,
"Auto Load & Run BASIC Programs",(typein),Nomac,1984,"Sega Programmers Manual",47,"Brian Brown",NZ,auto_load__run_basic_programs,
"Basic Key-Scan Program",(typein),Nomac,1984,"Sega Programmers Manual",51,"Brian Brown",NZ,basic_keyscan_program,
"Basic Merger",(typein),Nomac,1984,"Sega Programmers Manual",46,"Brian Brown",NZ,basic_merger,
"Character Manipulator",(typein),Nomac,1984,"Sega Programmers Manual",59,"Brian Brown",NZ,character_manipulator,
Crossroads,game(typein),Nomac,1984,"Sega Programmers Manual",70,"Brian Brown",NZ,crossroads,
"Load Header to Video Screen",(typein),Nomac,1984,"Sega Programmers Manual",46,"Brian Brown",NZ,load_header_to_video_screen,
"Load Program Bytes to Video Screen",demo(typein),Nomac,1984,"Sega Programmers Manual",47,"Brian Brown",NZ,load_program_bytes_to_video_screen,
"Mcode Demonstration",demo(typein),Nomac,1984,"Sega Programmers Manual",56,"Brian Brown",NZ,mcode_demonstration,
"Multicolour Mode Demo",demo(typein),Nomac,1984,"Sega Programmers Manual",22,"Brian Brown",NZ,multicolour_mode_demo_nomac,
"Music Editor",(typein),Nomac,1984,"Sega Programmers Manual",39,"Brian Brown",NZ,music_editor_nomac,
"One Armed Bandit Lvl IIIa/b",(typein),Nomac,1984,"Sega Programmers Manual",73,"Brian Brown",NZ,one_armed_bandit_lvl_iiiab,
"Pattern Editor",(typein),Nomac,1984,"Sega Programmers Manual",95,"Brian Brown",NZ,pattern_editor_nomac,
"Sprite Collision Demo",(typein),Nomac,1984,"Sega Programmers Manual",29,"Brian Brown",NZ,sprite_collision_demo,
"Sprite Demo",(typein),Nomac,1984,"Sega Programmers Manual",30,"Brian Brown",NZ,sprite_demo,
"Startrek Lvl IIIb",(typein),Nomac,1984,"Sega Programmers Manual",79,"Brian Brown",NZ,startrek_lvl_iiib,
"Text Screen Swap",(typein),Nomac,1984,"Sega Programmers Manual",32,"Brian Brown",NZ,text_screen_swap,
"Alien Chaser",(typein),Penguin,1984,"The Penguin Step by Step Programming the Sega Sc3000",,"Philip O'Carroll",AUS,alien_chaser,
"A Tenor Tune (London Bridge)",(typein),Penguin,1985,"The Penguin Step by Step Programming the Sega Sc3000",,"Philip O'Carroll",AUS,a_tenor_tune_london_bridge,
"Astro Zapper",(typein),Penguin,1985,"The Penguin Step by Step Programming the Sega Sc3000",,"Philip O'Carroll",AUS,astro_zapper,
"Auto Design",(typein),Penguin,1985,"The Penguin Step by Step Programming the Sega Sc3000",,"Philip O'Carroll",AUS,auto_design,
"Away in a Manager",(typein),Penguin,1985,"The Penguin Step by Step Programming the Sega Sc3000",,"Philip O'Carroll",AUS,away_in_a_manager,
"Beethoven's Ninth Symphony",(typein),Penguin,1985,"The Penguin Step by Step Programming the Sega Sc3000",,"Philip O'Carroll",AUS,beethovens_ninth_symphony,
"Big Ben",(typein),Penguin,1985,"The Penguin Step by Step Programming the Sega Sc3000",,"Philip O'Carroll",AUS,big_ben,
Bomb,(typein),Penguin,1985,"The Penguin Step by Step Programming the Sega Sc3000",,"Philip O'Carroll",AUS,bomb,
"Control Sequence",(typein),Penguin,1985,"The Penguin Step by Step Programming the Sega Sc3000",,"Philip O'Carroll",AUS,control_sequence,
"Cosmic Maze",(typein),Penguin,1985,"The Penguin Step by Step Programming the Sega Sc3000",,"Philip O'Carroll",AUS,cosmic_maze,
"Craft Control",(typein),Penguin,1985,"The Penguin Step by Step Programming the Sega Sc3000",,"Philip O'Carroll",AUS,craft_control,
"Cursor Controller",(typein),Penguin,1985,"The Penguin Step by Step Programming the Sega Sc3000",,"Philip O'Carroll",AUS,cursor_controller,
"Days Old",(typein),Penguin,1985,"The Penguin Step by Step Programming the Sega Sc3000",,"Philip O'Carroll",AUS,days_old,
"Even Number Quiz",(typein),Penguin,1985,"The Penguin Step by Step Programming the Sega Sc3000",,"Philip O'Carroll",AUS,even_number_quiz,
"Flexi Budget",(typein),Penguin,1985,"The Penguin Step by Step Programming the Sega Sc3000",,"Philip O'Carroll",AUS,flexi_budget,
"Fortune Teller",(typein),Penguin,1985,"The Penguin Step by Step Programming the Sega Sc3000",,"Philip O'Carroll",AUS,fortune_teller,
"Guess my Number",(typein),Penguin,1985,"The Penguin Step by Step Programming the Sega Sc3000",,"Philip O'Carroll",AUS,guess_my_number,
"Instruction Routine",(typein),Penguin,1985,"The Penguin Step by Step Programming the Sega Sc3000",,"Philip O'Carroll",AUS,instruction_routine,
"Little Brown Jug",(typein),Penguin,1985,"The Penguin Step by Step Programming the Sega Sc3000",,"Philip O'Carroll",AUS,little_brown_jug,
"Math Quiz",(typein),Penguin,1985,"The Penguin Step by Step Programming the Sega Sc3000",,"Philip O'Carroll",AUS,math_quiz,
"Mini Budget",(typein),Penguin,1985,"The Penguin Step by Step Programming the Sega Sc3000",,"Philip O'Carroll",AUS,mini_budget,
"Monster Zapper",(typein),Penguin,1985,"The Penguin Step by Step Programming the Sega Sc3000",,"Philip O'Carroll",AUS,monster_zapper,
"Perfect Tune",(typein),Penguin,1985,"The Penguin Step by Step Programming the Sega Sc3000",,"Philip O'Carroll",AUS,perfect_tune,
"Random Music",(typein),Penguin,1985,"The Penguin Step by Step Programming the Sega Sc3000",,"Philip O'Carroll",AUS,random_music,
"Robot Music",(typein),Penguin,1985,"The Penguin Step by Step Programming the Sega Sc3000",,"Philip O'Carroll",AUS,robot_music,
"Robot/Rocket Parade",(typein),Penguin,1985,"The Penguin Step by Step Programming the Sega Sc3000",,"Philip O'Carroll",AUS,robotrocket_parade,
"Sega Designer",(typein),Penguin,1985,"The Penguin Step by Step Programming the Sega Sc3000",,"Philip O'Carroll",AUS,sega_designer,
"Sega Romance",(typein),Penguin,1985,"The Penguin Step by Step Programming the Sega Sc3000",,"Philip O'Carroll",AUS,sega_romance,
"Sega Stairs",(typein),Penguin,1985,"The Penguin Step by Step Programming the Sega Sc3000",,"Philip O'Carroll",AUS,sega_stairs,
"Times Tables Teaser",(typein),Penguin,1985,"The Penguin Step by Step Programming the Sega Sc3000",,"Philip O'Carroll",AUS,times_tables_teaser,
"Tune with Decay",(typein),Penguin,1985,"The Penguin Step by Step Programming the Sega Sc3000",,"Philip O'Carroll",AUS,tune_with_decay,
"Waltzing Matilda (1 & 2 Voice)",(typein),Penguin,1985,"The Penguin Step by Step Programming the Sega Sc3000",,"Philip O'Carroll",AUS,waltzing_matilda_1__2_voice,
Galaxians,game(typein),"Program Input",1984,1,,"Nigel Irwin",NZ,galaxians,
"Space Art",(typein),"Sega Addict",1987,Vol2.3,,"Gwen Wood",AUS,space_art,
Breakout,game(typein),"Sega Addict",1987,Vol2.1,,"Michael Nanscawen",AUS,breakout,
"Home Mortgage Repayments",(typein),"Sega Addict",1987,Vol2.2,,,AUS,home_mortgage_repayments,
"Breakout (reprint)",(typein),"Sega Addict",1987,Vol2.3,,"Michael Nanscawen",AUS,breakout_reprint,
"Home Mortgage Repayments Addition",(typein),"Sega Addict",1987,Vol2.3,,"David Hickson",AUS,home_mortgage_repayments_addition,
"Straight Line Design (printer version)",(typein),"Sega Addict",1987,Vol2.3,,J.Guest,AUS,straight_line_design_printer_version,
"Straight Line Design (screen version)",(typein),"Sega Addict",1987,Vol2.3,,J.Guest,AUS,straight_line_design_screen_version,
"Trace Routine (disk basic only)",(typein),"Sega Addict",1987,Vol2.3,,J.Castley,AUS,trace_routine_disk_basic_only,
"HiRes Picture (from Commodore)",(typein),"Sega Addict",1987,Vol2.4,,,AUS,hires_picture_from_commodore,
"Lunar Lander (32k)",(typein),"Sega Addict",1987,Vol2.4,,"Richard Bolt",AUS,lunar_lander_32k,
"Problem Solution - Curve 1",(typein),"Sega Addict",1987,Vol2.4,,J.Guest,AUS,problem_solution__curve_1,
"Problem Solution - Curve 2",(typein),"Sega Addict",1987,Vol2.4,,J.Guest,AUS,problem_solution__curve_2,
"Syntax - How to Sound off about your Computer",(typein),"Sega Addict",1987,Vol2.4,,,AUS,syntax__how_to_sound_off_about_your_computer,
"Basic IIIb Cartridge Basic Disk Patch",(typein),"Sega Addict",1987,Vol2.5,,,AUS,basic_iiib_cartridge_basic_disk_patch,
"Color Chart",(typein),"Sega Addict",1987,Vol2.5,,,AUS,color_chart,
"Four Leaf Clover (SP400)",(typein),"Sega Addict",1987,Vol2.5,,J.Guest,AUS,four_leaf_clover_sp400,
"Jingle Bells",demo(typein),"Sega Addict",1987,Vol2.5,,,AUS,jingle_bells_87,
"Mailing Label Maker",(typein),"Sega Addict",1987,Vol2.5,,"Ray Finck",AUS,mailing_label_maker,
"Moon Invaders",(typein),"Sega Addict",1987,Vol2.5,,"Malcolm J. Chin",AUS,moon_invaders,
"Sega Organ",(typein),"Sega Addict",1987,Vol2.5,,J.Guest,AUS,sega_organ,
"Space Shuttle",(typein),"Sega Addict",1987,Vol2.5,,J.Miller,AUS,space_shuttle,
"Horse Race",(typein),"Sega Addict",1988,Vol3.4,,"Richard Bolt",AUS,horse_race_sega,
"Program #2 Goto",(typein),"Sega Addict",,Vol3.4,,"Michael Nanscawen",AUS,program_2_goto,
"Bricks (breakout)",(typein),"Sega Computer",1984,1,16,,NZ,bricks_breakout,
"Bricks (Dot Crawler)",game(typein),"Sega Computer",1984,1,19,,NZ,bricks_dot_crawler,
Gosub,demo(typein),"Sega Computer",1984,1,11,,NZ,gosub,
"Sailing Ship",(typein),"Sega Computer",1984,1,17,,NZ,sailing_ship,
"Sea Battle",game(typein),"Sega Computer",1984,1,15,,NZ,sea_battle,
Clock,(typein),"Sega Computer",1984,"Nov ",7,"Philip Bachler",NZ,clock,
"Doll Program",(typein),"Sega Computer",1984,"Nov ",17,,NZ,doll_program,
Fireman,game(typein),"Sega Computer",1984,"Nov ",13,Sega,NZ,fireman,
"Graphics Demonstration",demo(typein),"Sega Computer",1984,"Nov ",29,,NZ,graphics_demonstration,
"Indy GP",game(typein),"Sega Computer",1984,"Nov ",27,,NZ,indy_gp,"Jan-Feb 85"
"Jingle Bells",demo(typein),"Sega Computer",1984,"Nov ",24,,NZ,jingle_bells,
"Printer Demonstration",(typein),"Sega Computer",1984,"Nov ",8,,NZ,printer_demonstration,
"Candy Kid",game(typein),"Sega Computer",1984,"Sep ",17,Sega,NZ,candy_kid,
"Graphics Demonstration 1",(typein),"Sega Computer",1984,"Sep ",19,,NZ,graphics_demonstration_1,
"Graphics Demonstration 2",(typein),"Sega Computer",1984,"Sep ",19,,NZ,graphics_demonstration_2,
"Graphics Demonstration 3",(typein),"Sega Computer",1984,"Sep ",19,,NZ,graphics_demonstration_3,
"Graphics Demonstration 4",demo(typein),"Sega Computer",1984,"Sep ",19,,NZ,graphics_demonstration_4,
"Graphics Demonstration 5",(typein),"Sega Computer",1984,"Sep ",19,,NZ,graphics_demonstration_5,
"Graphics Demonstration 6",(typein),"Sega Computer",1984,"Sep ",19,,NZ,graphics_demonstration_6,
"Graphics Demonstration 7",(typein),"Sega Computer",1984,"Sep ",19,,NZ,graphics_demonstration_7,
"Graphics Demonstration 8",(typein),"Sega Computer",1984,"Sep ",19,,NZ,graphics_demonstration_8,
Gunslinger,game(typein),"Sega Computer",1984,"Sep ",22,"Glen Howard",NZ,gunslinger,
"Manhattan Skyline",demo(typein),"Sega Computer",1984,"Sep ",12,,NZ,manhattan_skyline,
"Spiral Printer Demonstration",demo(typein),"Sega Computer",1984,"Sep ",16,,NZ,spiral_printer_demonstration,
Squares,demo(typein),"Sega Computer",1984,"Sep ",16,,NZ,squares,
Ufo,game(typein),"Sega Computer",1984,"Sep ",5,"Phil Kenyon",NZ,ufo,
Calendar,util(typein),"Sega Computer",1985,"Apr ",24,"Keith Surridge",NZ,calendar_surridge,
Flip!,demo(typein),"Sega Computer",1985,"Apr ",11,"Michael Howard",NZ,flip,
"Graphics Screen Printer/Plotter Dump",(typein),"Sega Computer",1985,"Apr ",10,G.W.Emms,NZ,plotter_dump,
"Grid Runner",game(typein),"Sega Computer",1985,"Apr ",8,N.Campbell,NZ,grid_runner,
"Leo Lion",demo(typein),"Sega Computer",1985,"Apr ",15,Grandstand,NZ,leo_lion,
"Roman Numerals",edu(typein),"Sega Computer",1985,"Apr ",14,,NZ,roman_numerals,
"Space Ace",game(typein),"Sega Computer",1985,"Apr ",5,"Nigel Irwin",NZ,space_ace,
Strings,(typein),"Sega Computer",1985,"Apr ",18,"Terry Johnson",NZ,strings,
Biorhythmns,(typein),"Sega Computer",1985,"Aug ",4,"Rod Cuckow",NZ,biorhythmns,
"Dazzle Dazzle Dazzle",(typein),"Sega Computer",1985,"Aug ",32,,NZ,dazzle_dazzle_dazzle,
"Rhonda's Dungeon",textadv(typein),"Sega Computer",1985,"Aug ",11,"Michael Howard",NZ,rhondas_dungeon,
"RS-232C Communications Program",(typein),"Sega Computer",1985,"Aug ",28,,NZ,rs232c_communications_program,
Scheduler,(typein),"Sega Computer",1985,"Aug ",21,Grandstand,NZ,scheduler,
"Sound Effects",demo(typein),"Sega Computer",1985,"Aug ",32,,NZ,sound_effects_sc8508,
"Machine code program 1",demo(typein),"Sega Computer",1985,"Aug ",8,,NZ,machine_code_program_1,
"Machine code program 2",demo(typein),"Sega Computer",1985,"Aug ",8,,NZ,machine_code_program_2,
"Machine code program 3",demo(typein),"Sega Computer",1985,"Aug ",8,,NZ,machine_code_program_3,
"Machine code program 4",demo(typein),"Sega Computer",1985,"Aug ",9,,NZ,machine_code_program_4,
"Machine code program 5",demo(typein),"Sega Computer",1985,"Aug ",9,,NZ,machine_code_program_5,
"Machine code program 6",demo(typein),"Sega Computer",1985,"Aug ",9,,NZ,machine_code_program_6,
Anti-Mastermind,game(typein),"Sega Computer",1985,"Christmas ",29,"Michael Howard",NZ,antimastermind,
Colditz,game(typein),"Sega Computer",1985,"Christmas ",13,W.Newsome,NZ,colditz,
"Computer Chit Chat",demo(typein),"Sega Computer",1985,"Christmas ",3,,NZ,computer_chit_chat_sega,
"In Shock!",game(typein),"Sega Computer",1985,"Christmas ",19,,NZ,in_shock,
Maths,demo(typein),"Sega Computer",1985,"Christmas ",30,"Michael Howard",NZ,maths,
"Merlin The Cat",demo(typein),"Sega Computer",1985,"Christmas ",25,"Michael Howard",NZ,merlin_the_cat,
"Paula & her Quest for Balloids",game(typein),"Sega Computer",1985,"Christmas ",24,"Michael Howard",NZ,paula_and_her_quest_for_balloids,
Runes,demo(typein),"Sega Computer",1985,"Christmas ",21,,NZ,runes,
Saturn,demo(typein),"Sega Computer",1985,"Christmas ",25,,NZ,saturn,
Tesselation,demo(typein),"Sega Computer",1985,"Christmas ",6,"Michael Howard",NZ,tesselation,
"The Earth",demo(typein),"Sega Computer",1985,"Christmas ",30,"Andrew Upjohn",NZ,the_earth,
"Earth Demo",demo(typein),"Sega Computer",1985,"Christmas ",32,,NZ,earth_demo,
"The House Jr, Vanessa's Revenge",game(typein),"Sega Computer",1985,"Christmas ",20,"Michael Howard",NZ,the_house_jr_vanessas_revenge,
"The Purple People Eaters Weed Garden",demo(typein),"Sega Computer",1985,"Christmas ",23,"Michael Howard",NZ,the_purple_people_eaters_weed_garden,
"The Racer",demo(typein),"Sega Computer",1985,"Christmas ",7,"Rudy Clavel",NZ,the_racer,
Wallyjack,game(typein),"Sega Computer",1985,"Christmas ",27,"Michael Howard",NZ,wallyjack,
Balune,game(typein),"Sega Computer",1985,"Jan-Feb ",13,,NZ,balune,
"Cavern Lander",game(typein),"Sega Computer",1985,"Jan-Feb ",10,,NZ,cavern_lander,
"Graphics & Trigonometry 1",(typein),"Sega Computer",1985,"Jan-Feb ",12,,NZ,graphics__trigonometry_1,
"Graphics & Trigonometry 2",(typein),"Sega Computer",1985,"Jan-Feb ",12,,NZ,graphics__trigonometry_2,
"Graphics & Trigonometry 3",(typein),"Sega Computer",1985,"Jan-Feb ",12,,NZ,graphics__trigonometry_3,
"Graphics & Trigonometry 4",(typein),"Sega Computer",1985,"Jan-Feb ",12,,NZ,graphics__trigonometry_4,
"Graphics & Trigonometry 5",(typein),"Sega Computer",1985,"Jan-Feb ",12,,NZ,graphics__trigonometry_5,
"Graphics & Trigonometry 6",(typein),"Sega Computer",1985,"Jan-Feb ",12,,NZ,graphics__trigonometry_6,
"Graphics & Trigonometry 7",(typein),"Sega Computer",1985,"Jan-Feb ",12,,NZ,graphics__trigonometry_7,
"Graphics & Trigonometry 8",(typein),"Sega Computer",1985,"Jan-Feb ",12,,NZ,graphics__trigonometry_8,
Mazertron,game(typein),"Sega Computer",1985,"Jan-Feb ",23,"Alan Dobbs",NZ,mazertron,
"Rule Britannia",demo(typein),"Sega Computer",1985,"Jan-Feb ",3,,NZ,rule_britannia,
Serpent,game(typein),"Sega Computer",1985,"Jan-Feb ",25,"Costa Kerdemelidis",NZ,serpent,
"Sprite Mover",(typein),"Sega Computer",1985,"Jan-Feb ",11,"John Davis",NZ,sprite_mover,
"The Scowling Man (Japanese Man)",demo(typein),"Sega Computer",1985,"Jan-Feb ",4,Sega,NZ,the_scowling_man,
"Black Jack",(typein),"Sega Computer",1985,"Jun ",22,S.Coupe,NZ,blackjack_coupe,"Aug 85 pg.18"
"Delta Race",game(typein),"Sega Computer",1985,"Jun ",28,,NZ,delta_race,"Aug 85 pg.18"
"Disk Based Address Directory",(typein),"Sega Computer",1985,"Jun ",12,S.J.Easton,NZ,disk_based_address_directory,"Aug 85 pg.18"
Flexi-Graph,(typein),"Sega Computer",1985,"Jun ",30,,NZ,flexigraph,
Freddie,demo(typein),"Sega Computer",1985,"Jun ",27,,NZ,freddie,
"Graphics to SP400",(typein),"Sega Computer",1985,"Jun ",20,"Michael Howard",NZ,graphics_to_sp400,
"Hi-Res Scrolling",(typein),"Sega Computer",1985,"Jun ",11,"Michael Howard",NZ,hires_scrolling,
"Household Burglar Alarm Programme",(typein),"Sega Computer",1985,"Jun ",18,,NZ,household_burglar_alarm_programme,
"Planet Lander",game(typein),"Sega Computer",1985,"Jun ",3,"Andrew Flexman",NZ,planet_lander,
"1st Steps into Artificial Intelligence",demo(typein),"Sega Computer",1985,"Sep-Oct ",13,"Michael Howard",NZ,1st_steps_into_artificial_intelligence,
"Flashing Lights",demo(typein),"Sega Computer",1985,"Sep-Oct ",23,,NZ,flashing_lights,
"Flip! (SF7000)",demo(typein),"Sega Computer",1985,"Sep-Oct ",15,,NZ,flip_sf7000,
"Hill St. Blues Theme Music",demo(typein),"Sega Computer",1985,"Sep-Oct ",31,,NZ,hill_st_blues_theme_music,
"Hi-Res Scrolling (SF7000)",demo(typein),"Sega Computer",1985,"Sep-Oct ",15,,NZ,hires_scrolling_sf7000,
Hypno-Qix,demo(typein),"Sega Computer",1985,"Sep-Oct ",19,"Michael Howard",NZ,hypnoqix,
"Jet Ranger",game(typein),"Sega Computer",1985,"Sep-Oct ",20,"Danny Van Kan",NZ,jet_ranger,
"Joystick & Machine Code",(typein),"Sega Computer",1985,"Sep-Oct ",24,"Ian Nicholson",NZ,joystick__machine_code,
"Purple People Eaters vs Man",demo(typein),"Sega Computer",1985,"Sep-Oct ",16,"Michael Howard",NZ,purple_people_eaters_vs_man,
Quicksort,demo(typein),"Sega Computer",1985,"Sep-Oct ",32,"Michael Howard",NZ,quicksort,
"SP400 Printer Dump (SF7000)",(typein),"Sega Computer",1985,"Sep-Oct ",14,,NZ,sp400_printer_dump_sf7000,
"Sprite Mover (SF7000)",(typein),"Sega Computer",1985,"Sep-Oct ",14,,NZ,sprite_mover_sf7000,
"The Death of Philip Lloyd",game(typein),"Sega Computer",1985,"Sep-Oct ",3,,NZ,the_death_of_philip_lloyd,
"3D Noughts and Crosses",game(typein),"Sega Computer",1986,"Jan-Apr ",35,"Michael Howard",NZ,3d_noughts_and_crosses,
"A Forth Emulator",(typein),"Sega Computer",1986,"Jan-Apr ",39,"Michael Howard",NZ,a_forth_emulator,
"A Mystery Program",demo(typein),"Sega Computer",1986,"Jan-Apr ",52,"Rod Cuckow",NZ,mystery_program_sc8604,
"Acey Ducey",game(typein),"Sega Computer",1986,"Jan-Apr ",54,,NZ,acey_ducey,
Awari,game(typein),"Sega Computer",1986,"Jan-Apr ",23,"Michael Howard",NZ,awari,
Basketball,game(typein),"Sega Computer",1986,"Jan-Apr ",31,"Michael Howard",NZ,basketball,
Bowls,game(typein),"Sega Computer",1986,"Jan-Apr ",58,"Mark Goodwin",NZ,bowls,
"Buzzword Generator",(typein),"Sega Computer",1986,"Jan-Apr ",34,,NZ,buzzword_generator,
"Check for a Bias Dice",(typein),"Sega Computer",1986,"Jan-Apr ",48,"Michael Howard",NZ,check_for_a_bias_dice,
"Count Those Bands on Resistors",util(typein),"Sega Computer",1986,"Jan-Apr ",12,,NZ,count_those_bands_on_resistors,
"Crazy Cancellation",(typein),"Sega Computer",1986,"Jan-Apr ",55,"Michael Howard",NZ,crazy_cancellation,
"How to Make Limitless Mazes",(typein),"Sega Computer",1986,"Jan-Apr ",51,"Michael Howard",NZ,how_to_make_limitless_mazes,
Hurkle,game(typein),"Sega Computer",1986,"Jan-Apr ",8,,NZ,hurkle,
"King of the Islands",game(typein),"Sega Computer",1986,"Jan-Apr ",15,"Phil Tottle",NZ,king_of_the_islands,
"Olympic Boxing",game(typein),"Sega Computer",1986,"Jan-Apr ",56,,NZ,olympic_boxing,
"Random Numbers",(typein),"Sega Computer",1986,"Jan-Apr ",10,,NZ,random_numbers,
"Random Words Program 1",demo(typein),"Sega Computer",1986,"Jan-Apr ",9,,NZ,random_words_program_1,
"Random Words Program 2",demo(typein),"Sega Computer",1986,"Jan-Apr ",9,,NZ,random_words_program_2,
"Russian Roulette",game(typein),"Sega Computer",1986,"Jan-Apr ",22,,NZ,russian_roulette_sc8604,
"Saturn Earth Demo",demo(typein),"Sega Computer",1986,"Jan-Apr ",4,W.G.Wells,NZ,saturn_earth_demo,
"Secret Writing - Cryptography",demo(typein),"Sega Computer",1986,"Jan-Apr ",5,"Michael Howard",NZ,secret_writing,
Solitaire,game(typein),"Sega Computer",1986,"Jan-Apr ",6,,NZ,solitaire,
"Some More Maths Fun!",(typein),"Sega Computer",1986,"Jan-Apr ",24,"Michael Howard",NZ,some_more_maths_fun,
"Sprite Generator (16x16 Spr Gen)",(typein),"Sega Computer",1986,"Jan-Apr ",25,"Michael Howard",NZ,sprite_generator_16x16_spr_gen,
"Star Wars",game(typein),"Sega Computer",1986,"Jan-Apr ",19,"Jan Jacobsen",NZ,star_wars,
"The Bouncing Ball",game(typein),"Sega Computer",1986,"Jan-Apr ",60,,NZ,the_bouncing_ball,
"The Sine Wave",demo(typein),"Sega Computer",1986,"Jan-Apr ",13,,NZ,the_sine_wave,
"Base Patch",(typein),"Sega Computer",1986,"Jul-Aug ",12,"Trevor Yann",NZ,base_patch,
"Bubble Trouble",game(typein),"Sega Computer",1986,"Jul-Aug ",25,"Aaron Boulton",NZ,bubble_trouble,
"Converter, Dec to Bin or Hex",(typein),"Sega Computer",1986,"Jul-Aug ",29,"Brian Brown",NZ,converter_dec_to_bin_or_hex,
"Error Message Lister",(typein),"Sega Computer",1986,"Jul-Aug ",29,"Brian Brown",NZ,error_message_lister,
Face,demo(typein),"Sega Computer",1986,"Jul-Aug ",14,"Aaron Boulton",NZ,face,
Karate,game(typein),"Sega Computer",1986,"Jul-Aug ",4,"Craig Martin",NZ,karate,
"3D Maze",game(typein),"Sega Computer",1986,"May-Jun ",25,S.Coupe,NZ,3d_maze,
"Code Breaker",game(typein),"Sega Computer",1986,"May-Jun ",12,"Rod Cuckow",NZ,code_breaker,
Draw!!,util(typein),"Sega Computer",1986,"May-Jun ",22,,NZ,draw,
"How to get HuCal to Work with a Printer",util(typein),"Sega Computer",1986,"May-Jun ",10,"Trevor Yann",NZ,how_to_get_hucal_to_work_with_a_printer,
"Piano Program",util(typein),"Sega Computer",1986,"May-Jun ",29,"Terry Cole",NZ,piano_program,
"Some More Forth Notes",(typein),"Sega Computer",1986,"May-Jun ",6,"Michael Howard",NZ,some_more_forth_notes,
"Space Fighter",game(typein),"Sega Computer",1986,"May-Jun ",20,"Richard Turner",NZ,space_fighter,
"The Case",textadv(typein),"Sega Computer",1986,"May-Jun ",15,"Rod Cuckow",NZ,the_case,
"The Fish Tank",demo(typein),"Sega Computer",1986,"May-Jun ",11,"Turner Brothers",NZ,the_fish_tank,
Turtle,util(typein),"Sega Computer",1986,"May-Jun ",24,,NZ,turtle,
Wari,game(typein),"Sega Computer",1986,"May-Jun ",7,"Norman A. Raynel",NZ,wari,
Aircraft,game(typein),"Sega Computer",1986-1987,"Nov-Feb ",15,"John Dowman",NZ,aircraft,
Amaze,(typein),"Sega Computer",1986-1987,"Nov-Feb ",22,"R.D.&A.A Morgan",NZ,amaze,
Anagrams,util(typein),"Sega Computer",1986-1987,"Nov-Feb ",3,,NZ,anagrams,
"Big Characters",demo(typein),"Sega Computer",1986-1987,"Nov-Feb ",31,"Rod Cuckow",NZ,big_characters,
Chess,game(typein),"Sega Computer",1986-1987,"Nov-Feb ",44,"Jan Jacobsen",NZ,chess_sc8702,
"Disk Files Printer",(typein),"Sega Computer",1986-1987,"Nov-Feb ",30,B.E.Pycroft,NZ,disk_files_printer,
"Dungeons and Dragons Character Generator",util(typein),"Sega Computer",1986-1987,"Nov-Feb ",32,"Martin Schult",NZ,dungeons_and_dragons_character_generator,
Eggbert,util(typein),"Sega Computer",1986-1987,"Nov-Feb ",50,"Mark Fisher",NZ,eggbert_segacomputer,
Factorial,(typein),"Sega Computer",1986-1987,"Nov-Feb ",27,"Dr A.D.Campbell",NZ,factorial,
"File Size Check Program (disk)",(typein),"Sega Computer",1986-1987,"Nov-Feb ",52,"Jan Jacobsen & Alex Farkas",NZ,file_size_check_program_disk,
"Fixing the Comset Command (disk basic)",(typein),"Sega Computer",1986-1987,"Nov-Feb ",9,"Michael Hadrup",NZ,fixing_the_comset_command_disk_basic,
"Go Moku",game(typein),"Sega Computer",1986-1987,"Nov-Feb ",42,"Jan Jacobsen",NZ,go_moku,
Helicopter,demo(typein),"Sega Computer",1986-1987,"Nov-Feb ",41,"Jan Jacobsen",NZ,helicopter,
"Loading ZX Spectrum Pictures",(typein),"Sega Computer",1986-1987,"Nov-Feb ",8,"MJH Software",NZ,loading_zx_spectrum_pictures,
"Mr Moo",demo(typein),"Sega Computer",1986-1987,"Nov-Feb ",26,"Brett Skellon",NZ,mr_moo,
"Music Bit",(typein),"Sega Computer",1986-1987,"Nov-Feb ",53,"Paul Schwarz",NZ,music_bit,
"Single Variable Statistics",(typein),"Sega Computer",1986-1987,"Nov-Feb ",28,"Dr A.D.Campbell",NZ,single_variable_statistics,
"Standardised Scores",(typein),"Sega Computer",1986-1987,"Nov-Feb ",27,"Dr A.D.Campbell",NZ,standardised_scores,
"Zero & 0 & Printer",(typein),"Sega Computer",1986-1987,"Nov-Feb ",30,B.E.Pycroft,NZ,zero__0__printer,
"Alphabetical Sorting",(typein),"Sega Computer",1986,"Sep-Oct ",18,C.Plows,NZ,alphabetical_sorting,
"Disk File Remover",(typein),"Sega Computer",1986,"Sep-Oct ",31,"Michael Hadrup",NZ,disk_file_remover,
"LSV Save/Load/Verify Basic Extension",(typein),"Sega Computer",1986,"Sep-Oct ",17,"Michael Hadrup",NZ,lsv_saveloadverify_basic_extension,"Xmas 1987"
Lunar-Two,game(typein),"Sega Computer",1986,"Sep-Oct ",6,"John Dowman",NZ,lunar_two,
Poker,game(typein),"Sega Computer",1986,"Sep-Oct ",25,"Terry Cole",NZ,poker_cole,
"Printer Shading",(typein),"Sega Computer",1986,"Sep-Oct ",19,"MJH Software",NZ,printer_shading,
"Fast Disk Copy",util(typein),"Sega Computer",1987,"Christmas ",21,"Michael Hadrup",NZ,fast_disk_copy,
"File Copy",(typein),"Sega Computer",1987,"Christmas ",23,"Michael Hadrup",NZ,file_copy,
"Graphics Screen Flip",(typein),"Sega Computer",1987,"Christmas ",27,"David Gladstone",NZ,graphics_screen_flip,
"Pattern Paint",(typein),"Sega Computer",1987,"Christmas ",13,"Michael Hadrup",NZ,pattern_paint,
"Print 64 as an Editor",(typein),"Sega Computer",1987,"Christmas ",25,"Michael Hadrup",NZ,print_64_as_an_editor,
"Quix Graphics Demo",(typein),"Sega Computer",1987,"Christmas ",20,"Michael Hadrup",NZ,quix_graphics_demo,
"Sorting Program",(typein),"Sega Computer",1987,"Christmas ",26,"Michael Hadrup",NZ,sorting_program,
"3D City",(typein),"Sega Computer",1987,"Mar-Apr ",6,"Steven Boland",NZ,3d_city,
"Picture Expander (Garfield)",demo(typein),"Sega Computer",1987,"Mar-Apr ",20,"Michael Hadrup",NZ,picture_expander_garfield,
"Tank Battle",game(typein),"Sega Computer",1987,"Mar-Apr ",22,"Michael Hadrup",NZ,tank_battle,"May/Jun 88"
"Updated MC Editor",(typein),"Sega Computer",1987,"Mar-Apr ",17,"Michael Hadrup",NZ,updated_mc_editor,
"A Mystery Program",(typein),"Sega Computer",1987,"Mar-Jun ",41,,NZ,a_mystery_program_sega,
"Calculating Values for Parallel Resistors",(typein),"Sega Computer",1987,"Mar-Jun ",61,B.E.Pycroft,NZ,calculating_values_for_parallel_resistors,
"Easycode 16k",util(typein),"Sega Computer",1987,"Mar-Jun ",52,"Simon Goodwin",NZ,easycode_16k,
"Easycode 32k",util(typein),"Sega Computer",1987,"Mar-Jun ",42,"Simon Goodwin",NZ,easycode_32k,
"Easycode Upgrade from 16k to 32k",(typein),"Sega Computer",1987,"Mar-Jun ",59,"Simon Goodwin",NZ,easycode_upgrade_from_16k_to_32k,
"Astro Attack",game(typein),"Sega Computer",1987,"Oct ",10,"John Dowman",NZ,astro_attack,
"Inverse Characters",(typein),"Sega Computer",1987,"Oct ",28,"Michael Hadrup",NZ,inverse_characters,
"Printing 64 Columns",(typein),"Sega Computer",1987,"Oct ",15,"Michael Hadrup",NZ,printing_64_columns,
"Directory Program",(typein),"Sega Computer",1988,"Jul-Aug ",8,"Denver Scott",NZ,directory_program,
"Graphics Mode 1 Demo",(typein),"Sega Computer",1988,"Jul-Aug ",12,"Michael Hadrup",NZ,graphics_mode_1_demo_sega,
"Multicolour Mode Demo",(typein),"Sega Computer",1988,"Jul-Aug ",10,"Michael Hadrup",NZ,multicolour_mode_demo_sega,
"Mystery Program",(typein),"Sega Computer",1988,"Jul-Aug ",5,"Michael Hadrup",NZ,mystery_program,
"Connect Four",game(typein),"Sega Computer",1988,"May-Jun ",25,"Denver Scott",NZ,connect_four,
"Dog (Footrot Flats)",demo(typein),"Sega Computer",1988,"May-Jun ",19,"David Martin",NZ,dog_footrot_flats,
Quiz,(typein),"Sega Computer",1988,"May-Jun ",11,"Denver Scott",NZ,quiz,
"Shoot em Up",game(typein),"Sega Computer",1988,"May-Jun ",21,"Grant Emms",NZ,shoot_em_up,
"Telephone Caller",util(typein),"Sega Computer",1988,"May-Jun ",18,"Brendan Hallet",NZ,telephone_dialer,
"Cassette Covers on the SP400",util(typein),"Sega Computer",1988,"May-Jun ",6,"Denver Scott",NZ,cassette_covers,
LineBF,(typein),Sega,1983,"BASIC Level III Manual",,"Sega Enterprises Ltd",JP,linebf_sega,
"Bar Graph",demo(typein),Sega,1985,"Super Control Station SF-7000 User Manual",220,"Sega Enterprises Ltd",JP,bar_graph,
"Block Break Game",game(typein),Sega,1985,"Super Control Station SF-7000 User Manual",,"Sega Enterprises Ltd",JP,block_break,
Clock,demo(typein),Sega,1985,"Super Control Station SF-7000 User Manual",,"Sega Enterprises Ltd",JP,clock_sega,
Clock,demo(typein),Sega,1985,"Super Control Station SF-7000 User Manual",,"Sega Enterprises Ltd",JP,clock_mod,
"Color and sprite",demo(typein),Sega,1985,"Super Control Station SF-7000 User Manual",220,"Sega Enterprises Ltd",JP,color_and_sprite,
"Colour Clock",demo(typein),Sega,1985,"Super Control Station SF-7000 User Manual",,"Sega Enterprises Ltd",JP,colour_clock,
"Joystick Test",(typein),Sega,1985,"Super Control Station SF-7000 User Manual",,"Sega Enterprises Ltd",JP,joystick_test,
"Sprite Example",demo(typein),Sega,1985,"Super Control Station SF-7000 User Manual",160,"Sega Enterprises Ltd",JP,sprite_example,
"Line Graph",(typein),Sega,1985,"Super Control Station SF-7000 User Manual",220,"Sega Enterprises Ltd",JP,line_graph,
"Mag & Pattern Test",(typein),Sega,1985,"Super Control Station SF-7000 User Manual",,"Sega Enterprises Ltd",JP,mag__pattern_test,
Organ,(typein),Sega,1985,"Super Control Station SF-7000 User Manual",,"Sega Enterprises Ltd",JP,organ,
"RS-232C Test",(typein),Sega,1985,"Super Control Station SF-7000 User Manual",,"Sega Enterprises Ltd",JP,rs232c_test,
"Sector Dump",(typein),Sega,1985,"Super Control Station SF-7000 User Manual",,"Sega Enterprises Ltd",JP,sector_dump,
Sort,(typein),Sega,1985,"Super Control Station SF-7000 User Manual",,"Sega Enterprises Ltd",JP,sort,
"Sprite Hit",(typein),Sega,1985,"Super Control Station SF-7000 User Manual",,"Sega Enterprises Ltd",JP,sprite_hit,
"Telephone Note",(typein),Sega,1985,"Super Control Station SF-7000 User Manual",,"Sega Enterprises Ltd",JP,telephone_note,
"VRAM address graphics screen",(typein),Sega,1985,"Super Control Station SF-7000 User Manual",,"Sega Enterprises Ltd",JP,vram_address_graphics_screen,
"VRAM address of text",(typein),Sega,1985,"Super Control Station SF-7000 User Manual",,"Sega Enterprises Ltd",JP,vram_address_of_text,
"VRAM Color Test",(typein),Sega,1985,"Super Control Station SF-7000 User Manual",,"Sega Enterprises Ltd",JP,vram_color_test,
Bcircle,(typein),Sega,1983,"BASIC Level III Manual",,"Sega Enterprises Ltd",JP,bcircle_sega,
"Checkered Paint",(typein),Sega,1983,"BASIC Level III Manual",,,JP,checkered_paint_sega,
"Circle 1",(typein),Sega,1983,"BASIC Level III Manual",,"Sega Enterprises Ltd",JP,circle_1,
"Circle 2",(typein),Sega,1983,"BASIC Level III Manual",,"Sega Enterprises Ltd",JP,circle_2,
"Circle 3",(typein),Sega,1983,"BASIC Level III Manual",,"Sega Enterprises Ltd",JP,circle_3,
Line,(typein),Sega,1983,"BASIC Level III Manual",,"Sega Enterprises Ltd",JP,line_sega,
Paint,(typein),Sega,1983,"BASIC Level III Manual",,"Sega Enterprises Ltd",JP,paint_sega,
"Sprite Sample Program",(typein),Sega,1983,"BASIC Level III Manual",,"Sega Enterprises Ltd",JP,sprite_sample_program_sega,
"Demo 1 PI Graph",(typein),Sega,,"SP400 Plotter Manual",,"Sega Enterprises Ltd",JP,demo_1_pi_graph,
"Demo 2 Plotting Ability",(typein),Sega,,"SP400 Plotter Manual",,"Sega Enterprises Ltd",JP,demo_2_plotting_ability,
"Demo 3 Globe",(typein),Sega,,"SP400 Plotter Manual",,"Sega Enterprises Ltd",JP,demo_3_globe,
"Demo 4 Hilbert",(typein),Sega,,"SP400 Plotter Manual",,"Sega Enterprises Ltd",JP,demo_4_hilbert,
"Hungry Fred",(typein),Segacious,1984,Vol1.2,,C.Snook,?,hungry_fred,
Lotto,(typein),Segacious,1984,Vol1.2,,"John Millett",?,lotto,
"Frequency Adjuster",(typein),Segacious,1985,Vol1.10,,"George Corvi",?,frequency_adjuster,
Nichomachus,(typein),Segacious,1985,Vol1.10,,"John McLennan",?,nichomachus,
"Redefined Typeface",(typein),Segacious,1985,Vol1.10,,"George Corvi",?,redefined_typeface,
"Sprite Chart",(typein),Segacious,1985,Vol1.10,,"John McLennan",?,sprite_chart,
"Treasure Quest",(typein),Segacious,1985,Vol1.10,,"Alan Salter",?,treasure_quest,
"Escape From The Pyramids Of Mars",(typein),Segacious,1985,Vol1.11,,"Alan Salter",?,escape_from_the_pyramids_of_mars,
Strings,(typein),Segacious,1985,Vol1.11,,,?,strings_segacious,
"Abide With Me - Graphics Addon",(typein),Segacious,1985,Vol1.6&7,,"Rob Cutter",?,abide_with_me__graphics_addon,
"Amazing Grace",(typein),Segacious,1985,Vol1.6&7,,,?,amazing_grace,
"Computer Art",(typein),Segacious,1985,Vol1.6&7,,"Chris Symonds?",?,computer_art,
Frog,Competition,Segacious,1985,"Vol1.6&7 [complete the program comp.]",,,?,frog,
"The Hurkle Hunt",(typein),Segacious,1985,Vol1.8,,,?,the_hurkle_hunt,
"Write A Story",(typein),Segacious,1985,Vol1.8,,"Adrian Bateman/Robert Duncan",?,write_a_story,
"Character to Sprite Convertor",(typein),Segacious,1985,Vol1.9,,"Peter Nicholas",?,character_to_sprite_convertor,
"Double Sized Characters",(typein),Segacious,1985,Vol1.9,,,?,double_sized_characters,
Lander,(typein),Segacious,1985,Vol1.9,,"Owen Godfrey",?,lander,
"Tank Driver",(typein),Segacious,1985,Vol1.9,,"Alan Salter",?,tank_driver,
"Arcade Game",(typein),"South Australian Sega",1985,Vol1.1,,"Ian Dunn",AUS,arcade_game,
Eliza,(typein),"South Australian Sega",1985,Vol1.1,,,AUS,eliza,
"Redefine Backdrop Colours",(typein),"South Australian Sega",1985,Vol1.1,,,AUS,redefine_backdrop_colours,
"Redefine Line & Circle",(typein),"South Australian Sega",1985,Vol1.1,,,AUS,redefine_line__circle,
"String Art",(typein),"South Australian Sega",1985,Vol1.1,,"Brian Broughton",AUS,string_art,
"Text in 60 Columns on Graphics Screen",(typein),"South Australian Sega",1985,Vol1.1,,,AUS,text_in_60_columns_on_graphics_screen,
"Arcade Game Pt. 2",(typein),"South Australian Sega",1985,Vol1.2,,"Ian Dunn",AUS,arcade_game_pt_2,
"Block Game [M/C]",(typein),"South Australian Sega",1985,Vol1.2,,"Alex Farkas",AUS,block_game_mc,
Colditz,(typein),"South Australian Sega",1985,Vol1.2,,,AUS,colditz_south,
"In the Mood - 3 part harmony",(typein),"South Australian Sega",1985,Vol1.2,,"Jamie Anderson",AUS,in_the_mood__3_part_harmony,
"Polygon Shrink",(typein),"South Australian Sega",1985,Vol1.2,,,AUS,polygon_shrink,
"Print the Graphics Screen to 4 Colour Plotter [SF-700]",(typein),"South Australian Sega",1985,Vol1.2,,"Alex Farkas",AUS,print_the_graphics_screen_to_4_colour_plotter_sf700,
Screengen,(typein),"South Australian Sega",1985,Vol1.2,,"Mark Fisher",AUS,screengen,
"Unnamed - Page 33",(typein),"South Australian Sega",1985,Vol1.2,,,AUS,unnamed__page_33,
"Jigsaw II",(typein),"Sydney Sega Users Group",1992,"Feb ",,"Peter Lovell",AUS,jigsaw_ii,
"Label Maker",(typein),"Sydney Sega Users Group",1992,"Feb ",,M.E.Wilkins,AUS,label_maker_sydney,
"Thomas The Tank Engine (Picture)",(typein),"Sydney Sega Users Group",1992,"Feb ",,"Timothy Chandler",AUS,thomas_the_tank_engine_picture,
"Dice Roll",(typein),T.T.S.,1984-1985,Dec-Jan,31,,AUS,dice_roll,
Genius!?,(typein),T.T.S.,1984-1985,Dec-Jan,26," ",AUS,genius,
Jackpot,(typein),T.T.S.,1984-1985,Dec-Jan,32,,AUS,jackpot_tts,
"Sound Effects",(typein),T.T.S.,1984-1985,Dec-Jan,30,,AUS,sound_effects_tts,
"Stellar War - Surprise!!  ",game(typein),T.T.S.,1984-1985,Dec-Jan,19,,AUS,stellar_war,
"Tic Tac Toe",(typein),T.T.S.,1984-1985,Dec-Jan,28,,AUS,tic_tac_toe_tts,
"UFO Attack!!",game(typein),T.T.S.,1984-1985,Dec-Jan,27,,AUS,ufo_attack,
"Air/Sea War",game(typein),T.T.S.,1985,Feb,32,,AUS,airsea_war,
"Boat Race",game(typein),T.T.S.,1985,Feb,36,,AUS,boat_race,
"Flight Zone",game(typein),T.T.S.,1985,Feb,40,,AUS,flight_zone,
"Graphics Demo",(typein),T.T.S.,1985,Feb,41,,AUS,graphics_demo,
"Redefine Function Keys",(typein),T.T.S.,1985,Feb,,,AUS,redefine_function_keys,
"Under & Over",(typein),T.T.S.,1985,Feb,,"Grant Ellis",AUS,under__over,
"Boga II",(typein),T.T.S.,1985,Mar,,,AUS,boga_ii,
Chase,game(typein),T.T.S.,1985,Mar,39,,AUS,chase,
Gobbler,game(typein),T.T.S.,1985,Mar,28,,AUS,gobbler,
"Ice Planet",(typein),T.T.S.,1985,Mar,,,AUS,ice_planet,
"Moving Things",(typein),T.T.S.,1985,Mar,,,AUS,moving_things,
"SF7000 Save & Load a Graphics Screen",(typein),T.T.S.,1985,Mar,,,AUS,sf7000_save__load_a_graphics_screen,
"Auto Landscape",(typein),T.T.S.,1985,Apr-May,,,AUS,auto_landscape,
"Base 2 to Hex/Dec Converter",(typein),T.T.S.,1985,Apr-May,,,AUS,base_2_to_hexdec_converter,
"Defender [Game of the Month]",(typein),T.T.S.,1985,Apr-May,,,AUS,defender_game_of_the_month,
"Mini 1k Adventure",(typein),T.T.S.,1985,Apr-May,,,AUS,mini_1k_adventure,
"On Top Of Old Smokey",(typein),T.T.S.,1985,Apr-May,,,AUS,on_top_of_old_smokey,
"SF7000 Routine To Read Directory From Basic",(typein),T.T.S.,1985,Apr-May,,,AUS,sf7000_routine_to_read_directory_from_basic,
"Sprite Collision Program",(typein),T.T.S.,1985,Apr-May,,,AUS,sprite_collision_program,
"UFO II",game(typein),T.T.S.,1985,Apr-May,,,AUS,ufo_ii,
"Aussie Flag!",(typein),T.T.S.,1985,Jul-Aug,,,AUS,aussie_flag,
Ninja,(typein),T.T.S.,1985,Jul-Aug,,,AUS,ninja,
Penetrator,(typein),T.T.S.,1985,Jul-Aug,,,AUS,penetrator,
"Razor Back!",(typein),T.T.S.,1985,Jul-Aug,,,AUS,razor_back,
"Word Processor (Word Pro)",(typein),T.T.S.,1985,Jul-Aug,,,AUS,word_processor_word_pro,
Beatle,game(typein),T.T.S.,1985,Sep,,,AUS,beatle,
"Car (L)",(typein),T.T.S.,1985,Sep,,,AUS,car_l,
Matches,game(typein),T.T.S.,1985,Sep,,,AUS,matches,
Sahara,(typein),T.T.S.,1985,Sep,,"Peter Bourke",AUS,sahara,
"Space Cadet",(typein),T.T.S.,1985,Sep,,,AUS,space_cadet,
Sub-Attack,game(typein),T.T.S.,1985,Sep,10,,AUS,subattack,
"Bouncing Bug",game(typein),"Understanding Computer Graphics",1984,,41,,AUS,bouncing_bug,
"Horse Race",(typein),"Your Computer",1986,"Jan ",,"SJ Molloy",AUS,horse_race_your,
"Star War",(typein),"Your Computer",1986,"Jan ",,"Jan Jacobsen",AUS,star_war_your,
cascatutto,game(typein),List,1984,3,57,,IT,cascatutto,
"corso basic",,List,1984,3,59,,IT,corso_basic,
"corso basic",,List,1984,4,32,,IT,corso_basic_list,
bioritmi,util(typein),List,1984,4,33,,IT,bioritmi,
totocalcio,,List,1984,5,14,,IT,totocalcio,
"corso basic",,List,1984,5,72,,IT,corso_basic_list_1,
"caccia al sottomarino",game(typein),List,1984,6,31,,IT,caccia_al_sottomarino,
"vido picture",,List,1984,6,77,,IT,vido_picture,
"corso di basic",,List,1984,6,87,,IT,corso_di_basic,
morra,game(typein),List,1985,1,8,,IT,morra,
"master mind",,List,1985,1,10,,IT,master_mind,
"paroliamo - strike",,List,1985,1,80,,IT,paroliamo__strike,
"astro war -strike",game(typein),List,1985,1,78,"Saverio Forestiero",IT,astro_war_strike,
"corso di basic",,List,1985,1,53,,IT,corso_di_basic_list,
"corso di basic",,List,1985,2,28,,IT,corso_di_basic_list_1,
"pianoforte - strike",,List,1985,2,89,,IT,pianoforte__strike,
"tiro a volo - strike",,List,1985,2,70,,IT,tiro_a_volo__strike,
"uova spaziali -strike",,List,1985,2,57,,IT,uova_spaziali_strike,
"super master mind - strike",,List,1985,4,31,,IT,super_master_mind__strike,
"real golf- strike",,List,1985,4,40,,IT,real_golf_strike,
"archer - strike",,List,1985,4,84,,IT,archer__strike,
"grafica 3D",,List,1985,5,37,,IT,grafica_3d,
decisioni,,List,1985,5,62,,IT,decisioni,
"math software",,List,1985,8-9,74,,IT,math_software,
"fasi lunari",,List,1985,8-9,79,,IT,fasi_lunari,
"sega graphics",,List,1985,"8-9 speciale",6,,IT,sega_graphics,
"simulatore di volo",game(typein),List,1985,"8-9 speciale",19,"Massimo Truscelli",IT,simulatore_di_volo,
"il bosco maledetto",,List,1985,10-11,67,,IT,il_bosco_maledetto,
"il calcolo dei solidi",,List,1985,10-11,70,,IT,il_calcolo_dei_solidi,
drawer(disegno),,List,1986,4,52,,IT,drawerdisegno,
hanoi,,List,1986,7-8,34,,IT,hanoi,
goblin,,List,1986,9,57,,IT,goblin,
derby,,List,1986,10,47,,IT,derby,
"royal air force",,List,1986,10,51,,IT,royal_air_force,
poker,,List,1986,12,38,,IT,poker_list,
"top secret",,List,1986,12,41,,IT,top_secret,
spider,,List,1986,12,86,"Franco Albanelli",IT,spider_list,
conversioni,,Francomputer,,1,7,,IT,conversioni,
"sprite editor",,Francomputer,,1,8,,IT,sprite_editor_francomputer,
"formula uno",,Francomputer,,1,10,,IT,formula_uno,
"electronic synthetizer",util(typein),Francomputer,,1,13,,IT,electronic_synthetizer,
"direzione didattica",demo(typein),Francomputer,,1,14,,IT,direzione_didattica,
"z80 disassembler",,Francomputer,,1,17,,IT,z80_disassembler,
"sprite editor by ",,Francomputer,,1,20,"adamo rino",IT,sprite_editor_by_,
"set caratteri",,Francomputer,,1,22,"r. Adamo",IT,set_caratteri,
"inegrazione numerica",,Francomputer,,1,26,,IT,inegrazione_numerica,
"grafico di funzione",,Francomputer,,1,28,,IT,grafico_di_funzione,
"gli alieni ",,Francomputer,,1,29,,IT,gli_alieni_,
"orologio digitale",,Francomputer,,1,30,,IT,orologio_digitale,
"zeri di funzione",,Francomputer,,1,31,,IT,zeri_di_funzione,
musica,demo(typein),Francomputer,,1,32,,IT,musica,
paint,,Francomputer,,1,34,"marchesini terenzio",IT,paint_francomputer,
polinomio,,Francomputer,,1,36,,IT,polinomio,
algor,,Francomputer,,1,37,"cuomo salvatore",IT,algor,
magic,,Francomputer,,1,38,"cuomo salvatore",IT,magic,
"contributi della colf",,Francomputer,,1,39,,IT,contributi_della_colf,
"il mutuo",,Francomputer,,1,40,"ruzza nicola",IT,il_mutuo,
"slot machine",,Francomputer,,1,41,,IT,slot_machine,
"grado di armonia",,Francomputer,,1,42,,IT,grado_di_armonia,
"calendario universale",,Francomputer,,1,43,,IT,calendario_universale,
"pi graph",,Francomputer,,1,45,,IT,pi_graph,
"plotting ability",,Francomputer,,1,47,,IT,plotting_ability,
globe,,Francomputer,,1,48,,IT,globe,
"plottaggio di coordinate",,Francomputer,,3,7,,IT,plottaggio_di_coordinate,
matrici,,Francomputer,,3,8,,IT,matrici,
"inversioni di matrici",,Francomputer,,3,8,,IT,inversioni_di_matrici,
"moltiplicazioni di matrici",,Francomputer,,3,9,,IT,moltiplicazioni_di_matrici,
"la trappola",,Francomputer,,3,11,,IT,la_trappola,
"regressione lineare",,Francomputer,,3,12,,IT,regressione_lineare,
"regressione esponenziale",,Francomputer,,3,12,,IT,regressione_esponenziale,
"test distribuzione di student",,Francomputer,,3,13,,IT,test_distribuzione_di_student,
"mann-whitney n/test",,Francomputer,,3,14,,IT,mannwhitney_ntest,
archivio,,Francomputer,,3,15,"enrico paolucci",IT,archivio,
wargame,,Francomputer,,3,21,"biasiolo mirko",IT,wargame,
"sub battle",,Francomputer,,3,18,stefanosoft,IT,sub_battle,
"regressione di ordine ennesimo",,Francomputer,,3,20,,IT,regressione_di_ordine_ennesimo,
"sistemi di equazioni",,Francomputer,,3,25,,IT,sistemi_di_equazioni,
"attendibilita' sistemi",,Francomputer,,3,26,,IT,attendibilita_sistemi,
"f distribution",,Francomputer,,3,26,,IT,f_distribution,
tris,,Francomputer,,3,27,,IT,tris,
"programmazione lineare",,Francomputer,,3,29,,IT,programmazione_lineare,
galaxian,,Francomputer,,3,31,"r guido & l dario",IT,galaxian,
"parti di un triangolo",,Francomputer,,3,23,,IT,parti_di_un_triangolo,
"dati statistici",,Francomputer,,3,35,"rino adamo",IT,dati_statistici,
"polinomio trigonometrico",,Francomputer,,3,37,,IT,polinomio_trigonometrico,
"riordinamento alfabetico",,Francomputer,,3,38,,IT,riordinamento_alfabetico,
"radici reali di un polinomio",,Francomputer,,3,37,,IT,radici_reali_di_un_polinomio,
sillabe,,Francomputer,,3,39,,IT,sillabe,
spider,,Francomputer,,4,6,"fabio riscica",IT,spider,
"save screen",,Francomputer,,4,7,,IT,save_screen,
mission,,Francomputer,,4,8,,IT,mission,
"transposizione di matrice",,Francomputer,,4,4,,IT,transposizione_di_matrice,
ricerca,,Francomputer,,4,15,,IT,ricerca,
dieta,,Francomputer,,4,16,,IT,dieta,
"il muro",,Francomputer,,4,20,quaggiotto,IT,il_muro,
avventura,,Francomputer,,4,23,"cuomo salvatore",IT,avventura,
"scomposizione in fattori primi",,Francomputer,,4,26,,IT,scomposizione_in_fattori_primi,
"area di un poligono",,Francomputer,,4,26,,IT,area_di_un_poligono,
"analisi di due vettori",,Francomputer,,4,27,,IT,analisi_di_due_vettori,
"operazioni su due vetori",,Francomputer,,4,27,,IT,operazioni_su_due_vetori,
"punti su punti",,Francomputer,,4,28,,IT,punti_su_punti,
"grafica casuale",,Francomputer,,4,29,,IT,grafica_casuale,
"distribuzione chi-quadra",,Francomputer,,4,30,,IT,distribuzione_chiquadra,
"distribuzione binomiale",,Francomputer,,4,30,,IT,distribuzione_binomiale,
"radici reali di polinomo metodo di newton",,Francomputer,,4,31,,IT,radici_reali_di_polinomo_metodo_di_newton,
"distribuzione di poisson",,Francomputer,,4,31,,IT,distribuzione_di_poisson,
"media varianza e deviazione standard",,Francomputer,,4,32,,IT,media_varianza_e_deviazione_standard,
"media geometrica",,Francomputer,,4,32,,IT,media_geometrica,
"distribuzione normale",,Francomputer,,4,33,,IT,distribuzione_normale,
"coefficiente di correlazione",,Francomputer,,4,33,,IT,coefficiente_di_correlazione,
"numeratore denominatore",,Francomputer,,4,34,,IT,numeratore_denominatore,
determinante,,Francomputer,,4,34,,IT,determinante,
"numeri complessi",,Francomputer,,4,35,,IT,numeri_complessi,
circonferenze,,Francomputer,,4,36,,IT,circonferenze,
"ellisse iperbole parabola",,Francomputer,,4,37,,IT,ellisse_iperbole_parabola,
parametriche,,Francomputer,,4,40,,IT,parametriche,
"numero primo",,Francomputer,,4,40,,IT,numero_primo,
progappend,util(typein),Francomputer,,5,3,"paolo & fausto",IT,prog_append,
"gino paolo cosa c'e'",,Francomputer,,5,4,,IT,gino_paolo_cosa_ce,
magazzino,,Francomputer,,5,7,,IT,magazzino,
"lettura codice morse",,Francomputer,,5,10,,IT,lettura_codice_morse,
"artistic photo",,Francomputer,,5,12,,IT,artistic_photo,
"archivio di parole",,Francomputer,,5,15,"fabio MAX Maurelli",IT,archivio_di_parole,
"battaglia navale",,Francomputer,,5,17,,IT,battaglia_navale,
"sega music with joystick",,Francomputer,,5,20,,IT,sega_music_with_joystick,
"quark programa di grafica tridimensionale",,Francomputer,,5,21,"stefano malinconico",IT,quark_programa_di_grafica_tridimensionale,
"calcolo interesse su mutuo bancario",,Francomputer,,5,22,"fabio MAX Maurelly & LONG JOHN",IT,calcolo_interesse_su_mutuo_bancario,
"sistemi e matrici",,Francomputer,,5,23,"Long John",IT,sistemi_e_matrici,
sbancarius,,Francomputer,,5,27,"fabio maureli",IT,sbancarius,
satel,,Francomputer,,5,28,"fabio maureli",IT,satel,
"attentato all'onu",,Francomputer,,5,30,"andrea de luca",IT,attentato_allonu,
"occhio alla cifra",,Francomputer,,5,31,"andrea de luca",IT,occhio_alla_cifra,
"calendario perpetuo",,Francomputer,,5,32,andrea,IT,calendario_perpetuo,
tabella,,Francomputer,,5,33,"de luca",IT,tabella,
orix,,Francomputer,,5,34,"a&m de luca",IT,orix,
"machina del tempo",,Francomputer,,5,36,,IT,machina_del_tempo,
un'archivio,,Francomputer,,5,39,,IT,unarchivio,
"il gatto e il topo",,"mentioned in francomputer 3",,,,,IT,il_gatto_e_il_topo,
"il gatto e il topo joystick",,"mentioned in francomputer 3",,,,,IT,il_gatto_e_il_topo_joystick,
"labirinto tridimensionale",,"mentioned in francomputer 3",,,,,IT,labirinto_tridimensionale,
paracadutisti,,"mentioned in francomputer 3",,,,,IT,paracadutisti,
robot,,"mentioned in francomputer 3",,,,,IT,robot,
palloncini,,"mentioned in francomputer 3",,,,,IT,palloncini,
"formula uno",,"mentioned in francomputer 3",,,,,IT,formula_uno_mentioned,
defender,,"mentioned in francomputer 3",,,,,IT,defender,
"il killer",,"mentioned in francomputer 3",,,,,IT,il_killer,
"black jack",,"mentioned in francomputer 3",,,,,IT,black_jack_mentioned,
"le scale",,"mentioned in francomputer 3",,,,,IT,le_scale,
"master mind",util(typein),"mentioned in francomputer 3",,,,,IT,master_mind_fran,
bomber,,"mentioned in francomputer 3",,,,,IT,bomber_mentioned,
"atomic 1",,"mentioned in francomputer 3",,,,,IT,atomic_1,
"atomic 2 (joystick)",,"mentioned in francomputer 3",,,,,IT,atomic_2_joystick,
"astro landing",,"mentioned in francomputer 3",,,,,IT,astro_landing,
"dama cinese",game(typein),"mentioned in francomputer 3",,,,,IT,dama_cinese,
risiko,,"mentioned in francomputer 3",,,,,IT,risiko,
tris,,"mentioned in francomputer 3",,,,,IT,tris_mentioned,
"5 giochi in uno (fiume, granchio scarabocchio pesca sci nautico)",,"mentioned in francomputer 3",,,,,IT,5_giochi_in_uno_fiume_granchio_scarabocchio_pesca_sci_nautico,
"test compatibilita",,"mentioned in francomputer 3",,,,,IT,test_compatibilita,
"i topolini",,"mentioned in francomputer 4",,,,,IT,i_topolini,
"il muro",,"mentioned in francomputer 5",,,,,IT,il_muro_mentioned,
"disegnare con la tastiera",,"mentioned in francomputer 5",,,,,IT,disegnare_con_la_tastiera,
salvataggio,,"mentioned in francomputer 5",,,,,IT,salvataggio,
g.men,,"mentioned in francomputer 5",,,,,IT,gmen,
grattaceli,,"mentioned in francomputer 5",,,,,IT,grattaceli,
sc-wall,,"mentioned in francomputer 5",,,,,IT,scwall,
"sea battle",,"mentioned in francomputer 5",,,,,IT,sea_battle_mentioned,
golf,game(typein),"mentioned in francomputer 5",,,,,IT,golf,
atterraggio,,"mentioned in francomputer 5",,,,,IT,atterraggio,
"10 alieni",game,,,,,,IT,10_alieni,
"3-D driver",game,,,,,,IT,3d_driver,
"grafici animati",demo,,,,,,IT,grafici_animati,
animation,demo,,,,,,IT,animation,
awele,game,,,,,,IT,awele,
"black box",game,,,,,,IT,black_box,
bananas,game,,,,,,IT,bananas,
bowling,game,,,,,,IT,bowling,
"bounce box",game,,,,,,IT,bounce_box,
bucato,game,,,,,,IT,bucato,
"assedio al castello",game,,,,,,IT,assedio_al_castello,
cascatutto,game,,,,,,IT,cascatutto_casa,
"corsa cavalli",game,,,,,,IT,corsa_cavalli,
"sistemi equazioni 2 inc (cramer)",util,,,,,,IT,sistemi_equazioni_2_inc_cramer,
dadi,game,,,,,,IT,dadi,
dame,game,,,,,,IT,dame,
"death race",game,,,,,,IT,death_race,
eggscape,game,,,,,,IT,eggscape,
"equazione secondo grado",util,,,,,,IT,equazione_secondo_grado,
fagioli,game,,,,,,IT,fagioli,
acchiappafantasmi,game,,,,,,IT,acchiappafantasmi,
"fiori (semi)",game,,,,,,IT,fiori_semi,
"costruzioni grafiche",demo,,,,,,IT,costruzioni_grafiche,
galrace,game,,,,,,IT,galrace,
grafica,demo,,,,,,IT,grafica,
grafica2,demo,,,,,,IT,grafica2,
grafica3,demo,,,,,,IT,grafica3,
gremlins,game,,,,,,IT,gremlins,
indianapolis,game,,,,,,IT,indianapolis,
inferno,game,,,,,,IT,inferno,
"ingranditore di caratteri",demo,,,,,,IT,ingranditore_di_caratteri,
istogrammi,util,,,,,,IT,istogrammi,
jazzi,game,,,,,,IT,jazzi,
kakua,game,,,,,,IT,kakua,
kong,game,,,,,,IT,kong,
labirinto,game,,,,,,IT,labirinto,
labirinto2,game,,,,,,IT,labirinto2,
"leaky roof",game,,,,,,IT,leaky_roof,
"macchina del tempo",textadv,,,,,,IT,macchina_del_tempo,
"atterraggio su marte",game,,,,,,IT,atterraggio_su_marte,
marzianetti,game,,,,,,IT,marzianetti,
matematica,util,,,,,"Mischiati Vasco",IT,matematica_mischiati,
monoscopio,util,,,,,,IT,monoscopio,
mosche(spider),game,,,,,,IT,mosche_spider,
muro,game,,,,,,IT,muro,
"musica 1 to 9",,,,,,,IT,musica_1_to_9,
navi,game,,,,,,IT,navi,
"orchard thief",game,,,,,,IT,orchard_thief,
orsacchiotto,game,,,,,,IT,orsacchiotto,
oware,,,,,,,IT,oware,
"pac car",game,,,,,,IT,pac_car,
pool,game,,,,,,IT,pool,
ragnatela,game,,,,,,IT,ragnatela,
ragni,game,,,,,,IT,ragni,
reticolo,demo,,,,,,IT,reticolo,
"reverse char",,,,,,,IT,reverse_char,
serpente,game,,,,,,IT,serpente,
"magic simon",game,,,,,,IT,magic_simon,
"space invaders",game,,,,,,IT,space_invaders,
stanze,game,,,,,,IT,stanze,
"star battle",game,,1984,,,"Mischiati Vasco",IT,star_battle,
tatam,,,,,,,IT,tatam,
testcrd1,,,,,,,IT,testcrd1,
"test dx1",demo,,,,,,IT,test_dx1,
"test dx2",demo,,,,,,IT,test_dx2,
totocalcio,util,,,,,,IT,totocalcio_sistema,
"tre carte",game,,,,,,IT,tre_carte,
"vispa teresa",game,,,,,,IT,vispa_teresa,
rogue,,,,,,,IT,rogue,
wizard,textadv,,,,,,IT,wizard,
"Micro speech",util,,,,,"Carlo Ferrari",IT,micro_speech,
"speech poker",game,,,,,"Carlo Ferrari",IT,speech_poker,
Merge,util,,,,,"Carlo Ferrari",IT,merge_ferrari,
Digitalizer,util,,,,,"Carlo Ferrari",IT,digitalizer,
"killer->torre di hanoi",,,,,,,IT,killertorre_di_hanoi,
"attentato->pear & mouse",,,,,,,IT,attentatopear__mouse,
Columbia,game,Sprites,,,,,FR,columbia,
"Creation des sprites",util,Sprites,,,,,FR,creation_des_sprites,
Crocky,game,Loriciels,,,,,FR,crocky,
"Faites vos jeux - Mod0",demo,DS,,,,,FR,faites_vos_jeux_mod0,
"Faites vos jeux - Mod1",demo,DS,,,,,FR,faites_vos_jeux_mod1,
"Faites vos jeux - Mod2",demo,DS,,,,,FR,faites_vos_jeux_mod2,
"Faites vos jeux - Mod3.1",demo,DS,,,,,FR,faites_vos_jeux_mod3_1,
"Faites vos jeux - Mod3.2",demo,DS,,,,,FR,faites_vos_jeux_mod3_2,
"Faites vos jeux - Mod4.1",demo,DS,,,,,FR,faites_vos_jeux_mod4_1,
"Faites vos jeux - Mod4.2",demo,DS,,,,,FR,faites_vos_jeux_mod4_2,
"Faites vos jeux - Jeu desert",game,DS,,,,,FR,faites_vos_jeux_jeu_desert,
"Indiana Jaune",game,Sprites,,,,,FR,indiana_jaune,
Kamikaze,game,Loriciels,1984,,,"Pascal Pellier",FR,kamikaze,
"Monieur Desassebleur",util,Loriciels,,,,,FR,moniteur_desassembleur,
"Reversi champion",game,Loriciels,,,,,FR,reversi_champion,
"Super lab",game,Sprites,,,,,FR,super_lab,
"Telecran 8 bit",demo,Yeno,,,,,FR,telecran,
Balistique,game,P.S.I.,,,,,FR,sjeux_balistique,
"Bombe a retardement",game,P.S.I.,,,,,FR,sjeux_bombe_a_retardement,
"Tours de hanoi",game,P.S.I.,,,,,FR,sjeux_tours_de_hanoi,
"Aleare a la bombe",game,P.S.I.,,,,,FR,sjeux_le_compte_est_bo,
"Alerte a la bombe",game,P.S.I.,,,,,FR,sjeux_alerte_a_la_bombe,
Anagrammes,game,P.S.I.,,,,,FR,sjeux_anagrammes,
Argumentique,game,P.S.I.,,,,,FR,sjeux_argumentique,
Autoroute,game,P.S.I.,,,,,FR,sjeux_autoroute,
Awari,game,P.S.I.,,,,,FR,sjeux_awari,
Baccara,game,P.S.I.,,,,,FR,sjeux_baccara,
"Bataille navale",game,P.S.I.,,,,,FR,sjeux_bataille_navale,
Blocages,game,P.S.I.,,,,,FR,sjeux_blocages,
"Buck dice",game,P.S.I.,,,,,FR,sjeux_buck_dice,
Canadair,game,P.S.I.,,,,,FR,sjeux_canadair,
"Champs de carottes",game,P.S.I.,,,,,FR,sjeux_champ_de_carottes,
"Chasse au tresor",game,P.S.I.,,,,,FR,sjeux_chasse_au_tresor,
Chenille,game,P.S.I.,,,,,FR,sjeux_chenille,
"Chien de berger",game,P.S.I.,,,,,FR,sjeux_chien_de_berger,
"Circuit 24",game,P.S.I.,,,,,FR,sjeux_circuit_24,
Coconuts,game,P.S.I.,,,,,FR,sjeux_coconuts,
"Course automobile",game,P.S.I.,,,,,FR,sjeux_course_automobile,
"Debarquement immediat",game,P.S.I.,,,,,FR,sjeux_debarquement_immediat,
"Electro pions",game,P.S.I.,,,,,FR,sjeux_electro_pions,
"Formule 1",game,P.S.I.,,,,,FR,sjeux_formule_1,
"Fusee lunaire",game,P.S.I.,,,,,FR,sjeux_fusee_lunaire,
"La grenouille",game,P.S.I.,,,,,FR,sjeux_la_grenouille,
"Guerre des etoiles",game,P.S.I.,,,,,FR,sjeux_guerre_des_etoiles,
Incendie,game,P.S.I.,,,,,FR,sjeux_incendie,
Inversion,game,P.S.I.,,,,,FR,sjeux_inversion,
Isola,game,P.S.I.,,,,,FR,sjeux_isola,
Jack-pot,game,P.S.I.,,,,,FR,sjeux_jack_pot,
"Jeu du morse",game,P.S.I.,,,,,FR,sjeux_jeu_du_morse,
"Jeu de la memoir",game,P.S.I.,,,,,FR,sjeux_jeu_de_la_memoir,
"La traversee du dessert",game,P.S.I.,,,,,FR,sjeux_la_traversee_du_dessert,
"Labyrinthe en 3D",game,P.S.I.,,,,,FR,sjeux_labyrinthe_en_3D,
"Le tierce",game,P.S.I.,,,,,FR,sjeux_le_tierce,
"Le blob",game,P.S.I.,,,,,FR,sjeux_le_blob,
"Le compte est bon",game,P.S.I.,,,,,FR,sjeux_le_compte_est_bon,
"Le jeu du 'L'",game,P.S.I.,,,,,FR,sjeux_le_jeu_du_l,
"Le labyrithe",game,P.S.I.,,,,,FR,sjeux_le_labyrinthe,
"Le morpion",game,P.S.I.,,,,,FR,sjeux_le_morpion,
"Le mot le plus long",game,P.S.I.,,,,,FR,sjeux_le_mot_le_plus_long,
Solitaire,game,P.S.I.,,,,,FR,sjeux_le_solitaire,
"Le taquin",game,P.S.I.,,,,,FR,sjeux_le_taquin,
"Les petits chocons",game,P.S.I.,,,,,FR,sjeux_les_petits_cochons,
"Les morlocks",game,P.S.I.,,,,,FR,sjeux_les_morlocks,
Mastermind,game,P.S.I.,,,,,FR,sjeux_mastermind,
"Mission surive",game,P.S.I.,,,,,FR,sjeux_mission_survie,
"Missionaries et cannibales",game,P.S.I.,,,,,FR,sjeux_missionnaires_et_cannibales,
"Monte carlo",game,P.S.I.,,,,,FR,sjeux_monte_carlo,
"Motos lumieuses",game,P.S.I.,,,,,FR,sjeux_motos_lumineuses,
"Les mots caches",game,P.S.I.,,,,,FR,sjeux_les_mots_caches,
"Mur de brique",game,P.S.I.,,,,,FR,sjeux_mur_de_brique,
Othello,game,P.S.I.,,,,,FR,sjeux_othello,
OXO,game,P.S.I.,,,,,FR,sjeux_oxo,
Parites,game,P.S.I.,,,,,FR,sjeux_parites,
"Passe dix",game,P.S.I.,,,,,FR,sjeux_passe_dix,
"Petrole, petrole",game,P.S.I.,,,,,FR,sjeux_petrole_petrole,
Piranhas,game,P.S.I.,,,,,FR,sjeux_piranhas,
Poker,game,P.S.I.,,,,,FR,sjeux_poker,
"Puissance 4",game,P.S.I.,,,,,FR,sjeux_puissance_4,
"Quatre a quatre",game,P.S.I.,,,,,FR,sjeux_quatre_a_quatre,
"Serpent infernal",game,P.S.I.,,,,,FR,sjeux_serpent_infernal,
Slalom,game,P.S.I.,,,,,FR,sjeux_slalom,
Snake,game,P.S.I.,,,,,FR,sjeux_snake,
Sorcellerie,game,P.S.I.,,,,,FR,sjeux_sorcellerie,
"Super nombre secret",game,P.S.I.,,,,,FR,sjeux_super_nombre_secret,
"Super psycho",game,P.S.I.,,,,,FR,sjeux_super_psycho,
Torpilleur,game,P.S.I.,,,,,FR,sjeux_torpilleur,
Traitement,game,P.S.I.,,,,,FR,sjeux_traitement,
"Un peu de math",game,P.S.I.,,,,,FR,sjeux_un_peu_de_maths,
